card,set,art_type,printing,price_usd,listing_title,source_page,source_url,verification,captured_date
'Mad' Pat Carrik,Into the Accordlands,Standard,,0.35,'Mad' Pat Carrik [Into the Accordlands],14,https://gamersguildazcards.com/collections/warlord-tcg-singles?page=14,Direct collection listing,2026-08-01
Abd al-Rahiim,Into the Accordlands,Standard,,0.35,Abd al-Rahiim [Into the Accordlands],20,https://gamersguildazcards.com/collections/warlord-tcg-singles?page=20,Direct collection listing,2026-08-01
Ablung the Maker,Box of Greed,Standard,,0.35,Ablung the Maker [Box of Greed],17,https://gamersguildazcards.com/collections/warlord-tcg-singles?page=17,Direct collection listing,2026-08-01
Ablung's Prisms,Into the Accordlands,Standard,,0.35,Ablung's Prisms [Into the Accordlands],20,https://gamersguildazcards.com/collections/warlord-tcg-singles?page=20,Direct collection listing,2026-08-01
Ablung's Quickmail,Box of Greed,Standard,,0.35,Ablung's Quickmail [Box of Greed],13,https://gamersguildazcards.com/collections/warlord-tcg-singles?page=13,Direct collection listing,2026-08-01
Ac'Vuk,Into the Accordlands,Standard,,0.35,Ac'Vuk [Into the Accordlands],16,https://gamersguildazcards.com/collections/warlord-tcg-singles?page=16,Direct collection listing,2026-08-01
Adarymy,Box of Greed,Standard,,0.75,Adarymy [Box of Greed],18,https://gamersguildazcards.com/collections/warlord-tcg-singles?page=18,Direct collection listing,2026-08-01
"Adathan, Celestial Messenger",Into the Accordlands,Extended,,2.0,"Adathan, Celestial Messenger (Extended Art) [Into the Accordlands]",21,https://gamersguildazcards.com/collections/warlord-tcg-singles?page=21,Direct collection listing,2026-08-01
"Adathan, Celestial Messenger",Into the Accordlands,Standard,,1.5,"Adathan, Celestial Messenger [Into the Accordlands]",14,https://gamersguildazcards.com/collections/warlord-tcg-singles?page=14,Direct collection listing,2026-08-01
Aida,Box of Greed,Standard,,0.35,Aida [Box of Greed],15,https://gamersguildazcards.com/collections/warlord-tcg-singles?page=15,Direct collection listing,2026-08-01
Alaya,Into the Accordlands,Standard,,0.35,Alaya [Into the Accordlands],14,https://gamersguildazcards.com/collections/warlord-tcg-singles?page=14,Direct collection listing,2026-08-01
Albrecht,Box of Greed,Extended,,0.75,Albrecht (Extended Art) [Box of Greed],19,https://gamersguildazcards.com/collections/warlord-tcg-singles?page=19,Direct collection listing,2026-08-01
Albrecht Novice,Into the Accordlands,Standard,,0.35,Albrecht Novice [Into the Accordlands],14,https://gamersguildazcards.com/collections/warlord-tcg-singles?page=14,Direct collection listing,2026-08-01
Allisara,Box of Greed,Extended,,0.75,Allisara (Extended Art) [Box of Greed],15,https://gamersguildazcards.com/collections/warlord-tcg-singles?page=15,Direct collection listing,2026-08-01
Alloy Gargoyle,Box of Greed,Standard,,0.35,Alloy Gargoyle [Box of Greed],8,https://gamersguildazcards.com/collections/warlord-tcg-singles?page=8,Direct collection listing,2026-08-01
Alrayn Gaunt,Into the Accordlands,Extended,,5.0,Alrayn Gaunt (Extended Art) [Into the Accordlands],21,https://gamersguildazcards.com/collections/warlord-tcg-singles?page=21,Direct collection listing,2026-08-01
Alrayn Gaunt,Into the Accordlands,Standard,,1.5,Alrayn Gaunt [Into the Accordlands],12,https://gamersguildazcards.com/collections/warlord-tcg-singles?page=12,Direct collection listing,2026-08-01
Ambitious Squire,Into the Accordlands,Standard,,0.35,Ambitious Squire [Into the Accordlands],12,https://gamersguildazcards.com/collections/warlord-tcg-singles?page=12,Direct collection listing,2026-08-01
Anacaona,Into the Accordlands,Extended,,0.75,Anacaona (Extended Art) [Into the Accordlands],10,https://gamersguildazcards.com/collections/warlord-tcg-singles?page=10,Direct collection listing,2026-08-01
Anacaona,Into the Accordlands,Standard,,0.75,Anacaona [Into the Accordlands],21,https://gamersguildazcards.com/collections/warlord-tcg-singles?page=21,Direct collection listing,2026-08-01
Angel's Tears,Into the Accordlands,Standard,,0.35,Angel's Tears [Into the Accordlands],16,https://gamersguildazcards.com/collections/warlord-tcg-singles?page=16,Direct collection listing,2026-08-01
Animal,Into the Accordlands,Standard,,0.35,Animal [Into the Accordlands],22,https://gamersguildazcards.com/collections/warlord-tcg-singles?page=22,Direct collection listing,2026-08-01
Annales Deverenium,Into the Accordlands,Standard,,0.75,Annales Deverenium [Into the Accordlands],14,https://gamersguildazcards.com/collections/warlord-tcg-singles?page=14,Direct collection listing,2026-08-01
Annetta Yscar,Into the Accordlands,Extended,,0.75,Annetta Yscar (Extended Art) [Into the Accordlands],9,https://gamersguildazcards.com/collections/warlord-tcg-singles?page=9,Direct collection listing,2026-08-01
Annetta Yscar,Into the Accordlands,Standard,,0.75,Annetta Yscar [Into the Accordlands],21,https://gamersguildazcards.com/collections/warlord-tcg-singles?page=21,Direct collection listing,2026-08-01
Another Tavern Brawl,Into the Accordlands,Extended,ITA-P15,6.56,Another Tavern Brawl (Extended Art) [Into the Accordlands],22,https://gamersguildazcards.com/collections/warlord-tcg-singles?page=22,Direct collection listing,2026-08-01
Another Tavern Brawl,Into the Accordlands,Standard,,0.35,Another Tavern Brawl [Into the Accordlands],20,https://gamersguildazcards.com/collections/warlord-tcg-singles?page=20,Direct collection listing,2026-08-01
Anvil,Into the Accordlands,Standard,,1.5,Anvil [Into the Accordlands],3,https://gamersguildazcards.com/collections/warlord-tcg-singles?page=3,Direct collection listing,2026-08-01
Ar'tek,Box of Greed,Standard,,0.75,Ar'tek [Box of Greed],19,https://gamersguildazcards.com/collections/warlord-tcg-singles?page=19,Direct collection listing,2026-08-01
Arcane Approach,Into the Accordlands,Standard,,0.75,Arcane Approach [Into the Accordlands],5,https://gamersguildazcards.com/collections/warlord-tcg-singles?page=5,Direct collection listing,2026-08-01
Archivist Augustin,Into the Accordlands,Standard,,0.75,Archivist Augustin [Into the Accordlands],13,https://gamersguildazcards.com/collections/warlord-tcg-singles?page=13,Direct collection listing,2026-08-01
Archivist Myrina,Into the Accordlands,Standard,,0.35,Archivist Myrina [Into the Accordlands],22,https://gamersguildazcards.com/collections/warlord-tcg-singles?page=22,Direct collection listing,2026-08-01
Archivist's Journal,Into the Accordlands,Standard,,0.35,Archivist's Journal [Into the Accordlands],13,https://gamersguildazcards.com/collections/warlord-tcg-singles?page=13,Direct collection listing,2026-08-01
Ardent Griffon,Into the Accordlands,Standard,,0.35,Ardent Griffon [Into the Accordlands],14,https://gamersguildazcards.com/collections/warlord-tcg-singles?page=14,Direct collection listing,2026-08-01
Ardian Greathawk,Into the Accordlands,Standard,,4.0,Ardian Greathawk [Into the Accordlands],1,https://gamersguildazcards.com/collections/warlord-tcg-singles?page=1,Direct collection listing,2026-08-01
Arika Ketchum,Into the Accordlands,Standard,,0.35,Arika Ketchum [Into the Accordlands],13,https://gamersguildazcards.com/collections/warlord-tcg-singles?page=13,Direct collection listing,2026-08-01
Aroch Mail,Into the Accordlands,Standard,,1.5,Aroch Mail [Into the Accordlands],3,https://gamersguildazcards.com/collections/warlord-tcg-singles?page=3,Direct collection listing,2026-08-01
Arva of Reclusa,Into the Accordlands,Standard,,0.75,Arva of Reclusa [Into the Accordlands],7,https://gamersguildazcards.com/collections/warlord-tcg-singles?page=7,Direct collection listing,2026-08-01
Ashveil,Into the Accordlands,Extended,,2.03,Ashveil (Extended Art) [Into the Accordlands],8,https://gamersguildazcards.com/collections/warlord-tcg-singles?page=8,Direct collection listing,2026-08-01
Ashveil,Into the Accordlands,Standard,,1.5,Ashveil [Into the Accordlands],3,https://gamersguildazcards.com/collections/warlord-tcg-singles?page=3,Direct collection listing,2026-08-01
Assassin's Arrow,Box of Greed,Standard,,0.5,Assassin's Arrow [Box of Greed],5,https://gamersguildazcards.com/collections/warlord-tcg-singles?page=5,Direct collection listing,2026-08-01
Assassin's Strike,Into the Accordlands,Standard,,0.75,Assassin's Strike [Into the Accordlands],2,https://gamersguildazcards.com/collections/warlord-tcg-singles?page=2,Direct collection listing,2026-08-01
Aureliane,Into the Accordlands,Standard,,0.35,Aureliane [Into the Accordlands],15,https://gamersguildazcards.com/collections/warlord-tcg-singles?page=15,Direct collection listing,2026-08-01
Back Alley Tavern,Box of Greed,Standard,,0.35,Back Alley Tavern [Box of Greed],6,https://gamersguildazcards.com/collections/warlord-tcg-singles?page=6,Direct collection listing,2026-08-01
Balian,Into the Accordlands,Standard,,0.35,Balian [Into the Accordlands],19,https://gamersguildazcards.com/collections/warlord-tcg-singles?page=19,Direct collection listing,2026-08-01
Balian's Helm,Into the Accordlands,Standard,,0.35,Balian's Helm [Into the Accordlands],16,https://gamersguildazcards.com/collections/warlord-tcg-singles?page=16,Direct collection listing,2026-08-01
Bandit Mask,Into the Accordlands,Standard,,0.35,Bandit Mask [Into the Accordlands],19,https://gamersguildazcards.com/collections/warlord-tcg-singles?page=19,Direct collection listing,2026-08-01
Bardiche,Into the Accordlands,Standard,,0.35,Bardiche [Into the Accordlands],14,https://gamersguildazcards.com/collections/warlord-tcg-singles?page=14,Direct collection listing,2026-08-01
Battleworn Helm,Into the Accordlands,Standard,,0.35,Battleworn Helm [Into the Accordlands],20,https://gamersguildazcards.com/collections/warlord-tcg-singles?page=20,Direct collection listing,2026-08-01
Beacon,Into the Accordlands,Standard,,20.0,Beacon [Into the Accordlands],2,https://gamersguildazcards.com/collections/warlord-tcg-singles?page=2,Direct collection listing,2026-08-01
Bear Legion Recruit,Into the Accordlands,Standard,,0.35,Bear Legion Recruit [Into the Accordlands],10,https://gamersguildazcards.com/collections/warlord-tcg-singles?page=10,Direct collection listing,2026-08-01
Beradah Dythanus,Box of Greed,Standard,,0.75,Beradah Dythanus [Box of Greed],12,https://gamersguildazcards.com/collections/warlord-tcg-singles?page=12,Direct collection listing,2026-08-01
Berserk,Into the Accordlands,Standard,,0.75,Berserk [Into the Accordlands],11,https://gamersguildazcards.com/collections/warlord-tcg-singles?page=11,Direct collection listing,2026-08-01
Biana the Mystical,Box of Greed,Extended,,0.35,Biana the Mystical (Extended Art) [Box of Greed],21,https://gamersguildazcards.com/collections/warlord-tcg-singles?page=21,Direct collection listing,2026-08-01
Bikram Bullstrength,Into the Accordlands,Standard,,7.0,Bikram Bullstrength [Into the Accordlands],1,https://gamersguildazcards.com/collections/warlord-tcg-singles?page=1,Direct collection listing,2026-08-01
Birdsong Druid,Into the Accordlands,Standard,,0.35,Birdsong Druid [Into the Accordlands],8,https://gamersguildazcards.com/collections/warlord-tcg-singles?page=8,Direct collection listing,2026-08-01
Black Steel Dagger,Box of Greed,Standard,,1.0,Black Steel Dagger [Box of Greed],6,https://gamersguildazcards.com/collections/warlord-tcg-singles?page=6,Direct collection listing,2026-08-01
Blackoak Arrows,Into the Accordlands,Standard,,0.35,Blackoak Arrows [Into the Accordlands],18,https://gamersguildazcards.com/collections/warlord-tcg-singles?page=18,Direct collection listing,2026-08-01
Blackwind,Into the Accordlands,Standard,,1.5,Blackwind [Into the Accordlands],5,https://gamersguildazcards.com/collections/warlord-tcg-singles?page=5,Direct collection listing,2026-08-01
Blade of Antiquity,Into the Accordlands,Extended,,10.0,Blade of Antiquity (Extended Art) [Into the Accordlands],5,https://gamersguildazcards.com/collections/warlord-tcg-singles?page=5,Direct collection listing,2026-08-01
Blade of Antiquity,Into the Accordlands,Standard,,10.0,Blade of Antiquity [Into the Accordlands],3,https://gamersguildazcards.com/collections/warlord-tcg-singles?page=3,Direct collection listing,2026-08-01
Blast,Into the Accordlands,Standard,,0.35,Blast [Into the Accordlands],9,https://gamersguildazcards.com/collections/warlord-tcg-singles?page=9,Direct collection listing,2026-08-01
Blessed Vestments,Into the Accordlands,Extended,,0.75,Blessed Vestments (Extended Art) [Into the Accordlands],9,https://gamersguildazcards.com/collections/warlord-tcg-singles?page=9,Direct collection listing,2026-08-01
Blessed Vestments,Into the Accordlands,Standard,,0.75,Blessed Vestments [Into the Accordlands],16,https://gamersguildazcards.com/collections/warlord-tcg-singles?page=16,Direct collection listing,2026-08-01
Blitzer,Into the Accordlands,Standard,,1.5,Blitzer [Into the Accordlands],1,https://gamersguildazcards.com/collections/warlord-tcg-singles?page=1,Direct collection listing,2026-08-01
Bloodsteed,Into the Accordlands,Extended,,0.75,Bloodsteed (Extended Art) [Into the Accordlands],6,https://gamersguildazcards.com/collections/warlord-tcg-singles?page=6,Direct collection listing,2026-08-01
Bloodsteed,Into the Accordlands,Standard,,0.75,Bloodsteed [Into the Accordlands],17,https://gamersguildazcards.com/collections/warlord-tcg-singles?page=17,Direct collection listing,2026-08-01
Bolt of Unrest,Into the Accordlands,Extended,,1.5,Bolt of Unrest (Extended Art) [Into the Accordlands],8,https://gamersguildazcards.com/collections/warlord-tcg-singles?page=8,Direct collection listing,2026-08-01
Bolt of Unrest,Into the Accordlands,Standard,,1.5,Bolt of Unrest [Into the Accordlands],18,https://gamersguildazcards.com/collections/warlord-tcg-singles?page=18,Direct collection listing,2026-08-01
Bone Fiend,Into the Accordlands,Standard,,1.5,Bone Fiend [Into the Accordlands],3,https://gamersguildazcards.com/collections/warlord-tcg-singles?page=3,Direct collection listing,2026-08-01
Bosun Blacknose,Box of Greed,Standard,,0.35,Bosun Blacknose [Box of Greed],15,https://gamersguildazcards.com/collections/warlord-tcg-singles?page=15,Direct collection listing,2026-08-01
Breastplate,Into the Accordlands,Standard,,0.35,Breastplate [Into the Accordlands],18,https://gamersguildazcards.com/collections/warlord-tcg-singles?page=18,Direct collection listing,2026-08-01
Breastplate of Power,Into the Accordlands,Standard,,1.5,Breastplate of Power [Into the Accordlands],1,https://gamersguildazcards.com/collections/warlord-tcg-singles?page=1,Direct collection listing,2026-08-01
Brigand Buckler,Into the Accordlands,Standard,,0.35,Brigand Buckler [Into the Accordlands],17,https://gamersguildazcards.com/collections/warlord-tcg-singles?page=17,Direct collection listing,2026-08-01
Brightwing,Into the Accordlands,Extended,,1.65,Brightwing (Extended Art) [Into the Accordlands],4,https://gamersguildazcards.com/collections/warlord-tcg-singles?page=4,Direct collection listing,2026-08-01
Brightwing,Into the Accordlands,Standard,,1.5,Brightwing [Into the Accordlands],3,https://gamersguildazcards.com/collections/warlord-tcg-singles?page=3,Direct collection listing,2026-08-01
Brine Fiend,Into the Accordlands,Standard,,0.35,Brine Fiend [Into the Accordlands],11,https://gamersguildazcards.com/collections/warlord-tcg-singles?page=11,Direct collection listing,2026-08-01
Brine Fiend,Into the Accordlands,Standard,ITA-P02,3.29,Brine Fiend [Into the Accordlands],23 (reconciled),https://gamersguildazcards.com/collections/warlord-tcg-singles?page=23,Catalog-reconciled; price inferred from promo batch,2026-08-01
Brinewater Croc,Into the Accordlands,Extended,ITA-P08,6.56,Brinewater Croc (Extended Art) [Into the Accordlands],23 (reconciled),https://gamersguildazcards.com/products/brinewater-croc-ita-p08,Direct indexed product listing,2026-08-01
Brinewater Croc,Into the Accordlands,Standard,,0.75,Brinewater Croc [Into the Accordlands],4,https://gamersguildazcards.com/collections/warlord-tcg-singles?page=4,Direct collection listing,2026-08-01
Bruntor's Helm,Into the Accordlands,Standard,,0.75,Bruntor's Helm [Into the Accordlands],4,https://gamersguildazcards.com/collections/warlord-tcg-singles?page=4,Direct collection listing,2026-08-01
Burning Scroll,Into the Accordlands,Standard,,0.35,Burning Scroll [Into the Accordlands],13,https://gamersguildazcards.com/collections/warlord-tcg-singles?page=13,Direct collection listing,2026-08-01
Callow Rowan,Into the Accordlands,Standard,,1.5,Callow Rowan [Into the Accordlands],2,https://gamersguildazcards.com/collections/warlord-tcg-singles?page=2,Direct collection listing,2026-08-01
Cardinal Bromin,Box of Greed,Standard,,0.5,Cardinal Bromin [Box of Greed],6,https://gamersguildazcards.com/collections/warlord-tcg-singles?page=6,Direct collection listing,2026-08-01
Catapult Crew,Into the Accordlands,Standard,,0.35,Catapult Crew [Into the Accordlands],17,https://gamersguildazcards.com/collections/warlord-tcg-singles?page=17,Direct collection listing,2026-08-01
Cathel Rowan,Box of Greed,Standard,,0.35,Cathel Rowan [Box of Greed],21,https://gamersguildazcards.com/collections/warlord-tcg-singles?page=21,Direct collection listing,2026-08-01
Change of Hands,Into the Accordlands,Standard,,0.75,Change of Hands [Into the Accordlands],12,https://gamersguildazcards.com/collections/warlord-tcg-singles?page=12,Direct collection listing,2026-08-01
Chant,Into the Accordlands,Extended,ITA-P05,6.56,Chant (Extended Art) [Into the Accordlands],23 (reconciled),https://gamersguildazcards.com/products/chant-ita-p05,Direct indexed product listing,2026-08-01
Chant,Into the Accordlands,Standard,,0.35,Chant [Into the Accordlands],13,https://gamersguildazcards.com/collections/warlord-tcg-singles?page=13,Direct collection listing,2026-08-01
Charm Person,Into the Accordlands,Standard,,0.35,Charm Person [Into the Accordlands],14,https://gamersguildazcards.com/collections/warlord-tcg-singles?page=14,Direct collection listing,2026-08-01
Cheap Sword,Into the Accordlands,Standard,,0.35,Cheap Sword [Into the Accordlands],15,https://gamersguildazcards.com/collections/warlord-tcg-singles?page=15,Direct collection listing,2026-08-01
Choke,Into the Accordlands,Standard,,0.35,Choke [Into the Accordlands],22,https://gamersguildazcards.com/collections/warlord-tcg-singles?page=22,Direct collection listing,2026-08-01
Chovan Voidcaller,Into the Accordlands,Extended,,0.75,Chovan Voidcaller (Extended Art) [Into the Accordlands],8,https://gamersguildazcards.com/collections/warlord-tcg-singles?page=8,Direct collection listing,2026-08-01
Chovan Voidcaller,Into the Accordlands,Standard,,0.75,Chovan Voidcaller [Into the Accordlands],19,https://gamersguildazcards.com/collections/warlord-tcg-singles?page=19,Direct collection listing,2026-08-01
Church Enforcer Tancred,Into the Accordlands,Extended,,2.0,Church Enforcer Tancred (Extended Art) [Into the Accordlands],21,https://gamersguildazcards.com/collections/warlord-tcg-singles?page=21,Direct collection listing,2026-08-01
Church Enforcer Tancred,Into the Accordlands,Standard,,1.5,Church Enforcer Tancred [Into the Accordlands],14,https://gamersguildazcards.com/collections/warlord-tcg-singles?page=14,Direct collection listing,2026-08-01
Church Inquisitor,Into the Accordlands,Standard,,0.35,Church Inquisitor [Into the Accordlands],11,https://gamersguildazcards.com/collections/warlord-tcg-singles?page=11,Direct collection listing,2026-08-01
Ciane,Into the Accordlands,Standard,,0.35,Ciane [Into the Accordlands],12,https://gamersguildazcards.com/collections/warlord-tcg-singles?page=12,Direct collection listing,2026-08-01
Cleave,Into the Accordlands,Standard,,0.75,Cleave [Into the Accordlands],9,https://gamersguildazcards.com/collections/warlord-tcg-singles?page=9,Direct collection listing,2026-08-01
Cloak of Brilliance,Into the Accordlands,Standard,,0.75,Cloak of Brilliance [Into the Accordlands],10,https://gamersguildazcards.com/collections/warlord-tcg-singles?page=10,Direct collection listing,2026-08-01
Cloak of Flight,Into the Accordlands,Standard,,0.75,Cloak of Flight [Into the Accordlands],10,https://gamersguildazcards.com/collections/warlord-tcg-singles?page=10,Direct collection listing,2026-08-01
Close Wounds,Into the Accordlands,Standard,,0.35,Close Wounds [Into the Accordlands],18,https://gamersguildazcards.com/collections/warlord-tcg-singles?page=18,Direct collection listing,2026-08-01
Cloudracer,Into the Accordlands,Extended,,1.35,Cloudracer (Extended Art) [Into the Accordlands],7,https://gamersguildazcards.com/collections/warlord-tcg-singles?page=7,Direct collection listing,2026-08-01
Cloudracer,Into the Accordlands,Standard,,0.75,Cloudracer [Into the Accordlands],13,https://gamersguildazcards.com/collections/warlord-tcg-singles?page=13,Direct collection listing,2026-08-01
Commander Retsov,Into the Accordlands,Extended,,10.0,Commander Retsov (Extended Art) [Into the Accordlands],12,https://gamersguildazcards.com/collections/warlord-tcg-singles?page=12,Direct collection listing,2026-08-01
Commander Retsov,Into the Accordlands,Standard,,10.0,Commander Retsov [Into the Accordlands],8,https://gamersguildazcards.com/collections/warlord-tcg-singles?page=8,Direct collection listing,2026-08-01
Conjure Storm,Box of Greed,Standard,,0.35,Conjure Storm [Box of Greed],5,https://gamersguildazcards.com/collections/warlord-tcg-singles?page=5,Direct collection listing,2026-08-01
Corinne Drac,Box of Greed,Standard,,0.35,Corinne Drac [Box of Greed],8,https://gamersguildazcards.com/collections/warlord-tcg-singles?page=8,Direct collection listing,2026-08-01
Corpse Crowd,Into the Accordlands,Extended,ITA-P06,6.56,Corpse Crowd (Extended Art) [Into the Accordlands],23 (reconciled),https://gamersguildazcards.com/products/corpse-crowd-ita-p06,Direct indexed product listing,2026-08-01
Corpse Crowd,Into the Accordlands,Standard,,0.35,Corpse Crowd [Into the Accordlands],4,https://gamersguildazcards.com/collections/warlord-tcg-singles?page=4,Direct collection listing,2026-08-01
Courage from Faith,Into the Accordlands,Standard,,0.35,Courage from Faith [Into the Accordlands],20,https://gamersguildazcards.com/collections/warlord-tcg-singles?page=20,Direct collection listing,2026-08-01
Coward,Into the Accordlands,Standard,,0.35,Coward [Into the Accordlands],22,https://gamersguildazcards.com/collections/warlord-tcg-singles?page=22,Direct collection listing,2026-08-01
Crimson Diadem,Into the Accordlands,Standard,,1.5,Crimson Diadem [Into the Accordlands],7,https://gamersguildazcards.com/collections/warlord-tcg-singles?page=7,Direct collection listing,2026-08-01
Crownland Strategist,Into the Accordlands,Extended,,0.75,Crownland Strategist (Extended Art) [Into the Accordlands],4,https://gamersguildazcards.com/collections/warlord-tcg-singles?page=4,Direct collection listing,2026-08-01
Crownland Strategist,Into the Accordlands,Standard,,0.75,Crownland Strategist [Into the Accordlands],12,https://gamersguildazcards.com/collections/warlord-tcg-singles?page=12,Direct collection listing,2026-08-01
Crush,Into the Accordlands,Standard,,0.35,Crush [Into the Accordlands],9,https://gamersguildazcards.com/collections/warlord-tcg-singles?page=9,Direct collection listing,2026-08-01
Crypt Wine,Into the Accordlands,Standard,,0.35,Crypt Wine [Into the Accordlands],10,https://gamersguildazcards.com/collections/warlord-tcg-singles?page=10,Direct collection listing,2026-08-01
Cumbersome Helm,Into the Accordlands,Standard,,0.35,Cumbersome Helm [Into the Accordlands],19,https://gamersguildazcards.com/collections/warlord-tcg-singles?page=19,Direct collection listing,2026-08-01
Cunning Shot,Into the Accordlands,Standard,,0.75,Cunning Shot [Into the Accordlands],12,https://gamersguildazcards.com/collections/warlord-tcg-singles?page=12,Direct collection listing,2026-08-01
Curse of Greed,Into the Accordlands,Extended,ITA-P39,6.56,Curse of Greed (Extended Art) [Into the Accordlands],22,https://gamersguildazcards.com/collections/warlord-tcg-singles?page=22,Direct collection listing,2026-08-01
Curse of Greed,Into the Accordlands,Standard,,1.5,Curse of Greed [Into the Accordlands],3,https://gamersguildazcards.com/collections/warlord-tcg-singles?page=3,Direct collection listing,2026-08-01
Cutlass,Into the Accordlands,Standard,,1.5,Cutlass [Into the Accordlands],2,https://gamersguildazcards.com/collections/warlord-tcg-singles?page=2,Direct collection listing,2026-08-01
Cyldragen's Tome,Into the Accordlands,Standard,,12.0,Cyldragen's Tome [Into the Accordlands],1,https://gamersguildazcards.com/collections/warlord-tcg-singles?page=1,Direct collection listing,2026-08-01
Darkflame Bolts,Into the Accordlands,Standard,,0.35,Darkflame Bolts [Into the Accordlands],11,https://gamersguildazcards.com/collections/warlord-tcg-singles?page=11,Direct collection listing,2026-08-01
Darkwatcher,Into the Accordlands,Extended,,1.83,Darkwatcher (Extended Art) [Into the Accordlands],4,https://gamersguildazcards.com/collections/warlord-tcg-singles?page=4,Direct collection listing,2026-08-01
Darkwatcher,Into the Accordlands,Standard,,1.5,Darkwatcher [Into the Accordlands],3,https://gamersguildazcards.com/collections/warlord-tcg-singles?page=3,Direct collection listing,2026-08-01
Death From Below,Into the Accordlands,Standard,,0.75,Death From Below [Into the Accordlands],12,https://gamersguildazcards.com/collections/warlord-tcg-singles?page=12,Direct collection listing,2026-08-01
Demon of Kvar,Box of Greed,Standard,,0.35,Demon of Kvar [Box of Greed],13,https://gamersguildazcards.com/collections/warlord-tcg-singles?page=13,Direct collection listing,2026-08-01
Destruction,Box of Greed,Standard,,0.35,Destruction [Box of Greed],12,https://gamersguildazcards.com/collections/warlord-tcg-singles?page=12,Direct collection listing,2026-08-01
Deverenus' Axe,Into the Accordlands,Standard,,80.0,Deverenus' Axe [Into the Accordlands],2,https://gamersguildazcards.com/collections/warlord-tcg-singles?page=2,Direct collection listing,2026-08-01
Disperse,Into the Accordlands,Standard,,0.75,Disperse [Into the Accordlands],10,https://gamersguildazcards.com/collections/warlord-tcg-singles?page=10,Direct collection listing,2026-08-01
Dissolve,Into the Accordlands,Extended,ITA-P13,6.56,Dissolve (Extended Art) [Into the Accordlands],22,https://gamersguildazcards.com/collections/warlord-tcg-singles?page=22,Direct collection listing,2026-08-01
Dissolve,Into the Accordlands,Standard,,0.75,Dissolve [Into the Accordlands],13,https://gamersguildazcards.com/collections/warlord-tcg-singles?page=13,Direct collection listing,2026-08-01
Divine Barrier,Into the Accordlands,Standard,,0.35,Divine Barrier [Into the Accordlands],11,https://gamersguildazcards.com/collections/warlord-tcg-singles?page=11,Direct collection listing,2026-08-01
Divine Respite,Into the Accordlands,Standard,,1.5,Divine Respite [Into the Accordlands],1,https://gamersguildazcards.com/collections/warlord-tcg-singles?page=1,Direct collection listing,2026-08-01
Dizzying Footwork,Into the Accordlands,Standard,,0.35,Dizzying Footwork [Into the Accordlands],19,https://gamersguildazcards.com/collections/warlord-tcg-singles?page=19,Direct collection listing,2026-08-01
Doo'run,Into the Accordlands,Standard,,0.75,Doo'run [Into the Accordlands],9,https://gamersguildazcards.com/collections/warlord-tcg-singles?page=9,Direct collection listing,2026-08-01
Dragon's Blood,Into the Accordlands,Standard,,0.35,Dragon's Blood [Into the Accordlands],16,https://gamersguildazcards.com/collections/warlord-tcg-singles?page=16,Direct collection listing,2026-08-01
Draljaca Tar,Into the Accordlands,Standard,,0.35,Draljaca Tar [Into the Accordlands],16,https://gamersguildazcards.com/collections/warlord-tcg-singles?page=16,Direct collection listing,2026-08-01
Dreadfang,Into the Accordlands,Standard,,1.5,Dreadfang [Into the Accordlands],1,https://gamersguildazcards.com/collections/warlord-tcg-singles?page=1,Direct collection listing,2026-08-01
Dress,Into the Accordlands,Standard,,0.35,Dress [Into the Accordlands],15,https://gamersguildazcards.com/collections/warlord-tcg-singles?page=15,Direct collection listing,2026-08-01
Duke Richter,Into the Accordlands,Standard,,70.0,Duke Richter [Into the Accordlands],2,https://gamersguildazcards.com/collections/warlord-tcg-singles?page=2,Direct collection listing,2026-08-01
Dupe,Into the Accordlands,Standard,,1.5,Dupe [Into the Accordlands],2,https://gamersguildazcards.com/collections/warlord-tcg-singles?page=2,Direct collection listing,2026-08-01
Durga,Box of Greed,Standard,,0.35,Durga [Box of Greed],17,https://gamersguildazcards.com/collections/warlord-tcg-singles?page=17,Direct collection listing,2026-08-01
Dwarf-Eater,Into the Accordlands,Standard,,0.75,Dwarf-Eater [Into the Accordlands],5,https://gamersguildazcards.com/collections/warlord-tcg-singles?page=5,Direct collection listing,2026-08-01
Eager Blade,Into the Accordlands,Standard,,0.35,Eager Blade [Into the Accordlands],11,https://gamersguildazcards.com/collections/warlord-tcg-singles?page=11,Direct collection listing,2026-08-01
Eager Novice,Into the Accordlands,Standard,,0.35,Eager Novice [Into the Accordlands],19,https://gamersguildazcards.com/collections/warlord-tcg-singles?page=19,Direct collection listing,2026-08-01
Earthen Embrace,Into the Accordlands,Extended,,1.5,Earthen Embrace (Extended Art) [Into the Accordlands],17,https://gamersguildazcards.com/collections/warlord-tcg-singles?page=17,Direct collection listing,2026-08-01
Earthen Embrace,Into the Accordlands,Standard,,1.5,Earthen Embrace [Into the Accordlands],11,https://gamersguildazcards.com/collections/warlord-tcg-singles?page=11,Direct collection listing,2026-08-01
Efrim Dawntreader,Into the Accordlands,Extended,,10.0,Efrim Dawntreader (Extended Art) [Into the Accordlands],16,https://gamersguildazcards.com/collections/warlord-tcg-singles?page=16,Direct collection listing,2026-08-01
Efrim Dawntreader,Into the Accordlands,Standard,,10.0,Efrim Dawntreader [Into the Accordlands],12,https://gamersguildazcards.com/collections/warlord-tcg-singles?page=12,Direct collection listing,2026-08-01
Epic Betrayal,Into the Accordlands,Extended,,10.0,Epic Betrayal (Extended Art) [Into the Accordlands],10,https://gamersguildazcards.com/collections/warlord-tcg-singles?page=10,Direct collection listing,2026-08-01
Epic Betrayal,Into the Accordlands,Standard,,10.0,Epic Betrayal [Into the Accordlands],2,https://gamersguildazcards.com/collections/warlord-tcg-singles?page=2,Direct collection listing,2026-08-01
Epic Donnybrook,Into the Accordlands,Extended,,12.0,Epic Donnybrook (Extended Art) [Into the Accordlands],6,https://gamersguildazcards.com/collections/warlord-tcg-singles?page=6,Direct collection listing,2026-08-01
Epic Donnybrook,Into the Accordlands,Standard,,12.0,Epic Donnybrook [Into the Accordlands],2,https://gamersguildazcards.com/collections/warlord-tcg-singles?page=2,Direct collection listing,2026-08-01
Epic Evocation,Into the Accordlands,Extended,,10.0,Epic Evocation (Extended Art) [Into the Accordlands],10,https://gamersguildazcards.com/collections/warlord-tcg-singles?page=10,Direct collection listing,2026-08-01
Epic Evocation,Into the Accordlands,Standard,,10.0,Epic Evocation [Into the Accordlands],3,https://gamersguildazcards.com/collections/warlord-tcg-singles?page=3,Direct collection listing,2026-08-01
Epic Judgment,Into the Accordlands,Extended,,10.0,Epic Judgment (Extended Art) [Into the Accordlands],9,https://gamersguildazcards.com/collections/warlord-tcg-singles?page=9,Direct collection listing,2026-08-01
Epic Judgment,Into the Accordlands,Standard,,10.0,Epic Judgment [Into the Accordlands],2,https://gamersguildazcards.com/collections/warlord-tcg-singles?page=2,Direct collection listing,2026-08-01
Essence Drain,Into the Accordlands,Standard,,0.75,Essence Drain [Into the Accordlands],16,https://gamersguildazcards.com/collections/warlord-tcg-singles?page=16,Direct collection listing,2026-08-01
Even the Odds,Into the Accordlands,Standard,,1.5,Even the Odds [Into the Accordlands],9,https://gamersguildazcards.com/collections/warlord-tcg-singles?page=9,Direct collection listing,2026-08-01
Everwarm Elixir,Into the Accordlands,Standard,,0.35,Everwarm Elixir [Into the Accordlands],21,https://gamersguildazcards.com/collections/warlord-tcg-singles?page=21,Direct collection listing,2026-08-01
Farhaven Guide,Into the Accordlands,Extended,,1.5,Farhaven Guide (Extended Art) [Into the Accordlands],10,https://gamersguildazcards.com/collections/warlord-tcg-singles?page=10,Direct collection listing,2026-08-01
Farhaven Guide,Into the Accordlands,Standard,,1.5,Farhaven Guide [Into the Accordlands],6,https://gamersguildazcards.com/collections/warlord-tcg-singles?page=6,Direct collection listing,2026-08-01
Fasolt,Box of Greed,Standard,,0.35,Fasolt [Box of Greed],19,https://gamersguildazcards.com/collections/warlord-tcg-singles?page=19,Direct collection listing,2026-08-01
Fateshift,Into the Accordlands,Standard,,1.5,Fateshift [Into the Accordlands],1,https://gamersguildazcards.com/collections/warlord-tcg-singles?page=1,Direct collection listing,2026-08-01
Fatestring Bow,Into the Accordlands,Standard,,0.75,Fatestring Bow [Into the Accordlands],3,https://gamersguildazcards.com/collections/warlord-tcg-singles?page=3,Direct collection listing,2026-08-01
Fayed Dythanus,Box of Greed,Standard,,0.35,Fayed Dythanus [Box of Greed],6,https://gamersguildazcards.com/collections/warlord-tcg-singles?page=6,Direct collection listing,2026-08-01
Feyd Rowan,Box of Greed,Standard,,0.35,Feyd Rowan [Box of Greed],16,https://gamersguildazcards.com/collections/warlord-tcg-singles?page=16,Direct collection listing,2026-08-01
Field Marshal Malexin,Into the Accordlands,Standard,,30.0,Field Marshal Malexin [Into the Accordlands],2,https://gamersguildazcards.com/collections/warlord-tcg-singles?page=2,Direct collection listing,2026-08-01
Figurine of Power,Box of Greed,Standard,,0.35,Figurine of Power [Box of Greed],7,https://gamersguildazcards.com/collections/warlord-tcg-singles?page=7,Direct collection listing,2026-08-01
Figurine of Protection,Box of Greed,Standard,,0.35,Figurine of Protection [Box of Greed],6,https://gamersguildazcards.com/collections/warlord-tcg-singles?page=6,Direct collection listing,2026-08-01
Figurine of Trickery,Box of Greed,Standard,,0.35,Figurine of Trickery [Box of Greed],8,https://gamersguildazcards.com/collections/warlord-tcg-singles?page=8,Direct collection listing,2026-08-01
Figurine of Wonder,Box of Greed,Standard,,0.35,Figurine of Wonder [Box of Greed],8,https://gamersguildazcards.com/collections/warlord-tcg-singles?page=8,Direct collection listing,2026-08-01
Final Blessing,Into the Accordlands,Standard,,0.75,Final Blessing [Into the Accordlands],5,https://gamersguildazcards.com/collections/warlord-tcg-singles?page=5,Direct collection listing,2026-08-01
Final Farewell,Into the Accordlands,Standard,,0.75,Final Farewell [Into the Accordlands],6,https://gamersguildazcards.com/collections/warlord-tcg-singles?page=6,Direct collection listing,2026-08-01
Fineltour's Draught,Into the Accordlands,Standard,,10.0,Fineltour's Draught [Into the Accordlands],2,https://gamersguildazcards.com/collections/warlord-tcg-singles?page=2,Direct collection listing,2026-08-01
Fire Brand,Into the Accordlands,Standard,,0.75,Fire Brand [Into the Accordlands],20,https://gamersguildazcards.com/collections/warlord-tcg-singles?page=20,Direct collection listing,2026-08-01
Fireball,Into the Accordlands,Extended,,0.75,Fireball (Extended Art) [Into the Accordlands],8,https://gamersguildazcards.com/collections/warlord-tcg-singles?page=8,Direct collection listing,2026-08-01
Fireball,Into the Accordlands,Standard,,0.75,Fireball [Into the Accordlands],20,https://gamersguildazcards.com/collections/warlord-tcg-singles?page=20,Direct collection listing,2026-08-01
FireReign Idol,Into the Accordlands,Standard,,0.75,FireReign Idol [Into the Accordlands],15,https://gamersguildazcards.com/collections/warlord-tcg-singles?page=15,Direct collection listing,2026-08-01
Flail,Into the Accordlands,Standard,,0.75,Flail [Into the Accordlands],15,https://gamersguildazcards.com/collections/warlord-tcg-singles?page=15,Direct collection listing,2026-08-01
Flame Jester,Into the Accordlands,Standard,,0.35,Flame Jester [Into the Accordlands],14,https://gamersguildazcards.com/collections/warlord-tcg-singles?page=14,Direct collection listing,2026-08-01
Flamefall,Into the Accordlands,Extended,,1.65,Flamefall (Extended Art) [Into the Accordlands],7,https://gamersguildazcards.com/collections/warlord-tcg-singles?page=7,Direct collection listing,2026-08-01
Flamefall,Into the Accordlands,Standard,,1.5,Flamefall [Into the Accordlands],4,https://gamersguildazcards.com/collections/warlord-tcg-singles?page=4,Direct collection listing,2026-08-01
Flamelance,Into the Accordlands,Standard,,1.5,Flamelance [Into the Accordlands],1,https://gamersguildazcards.com/collections/warlord-tcg-singles?page=1,Direct collection listing,2026-08-01
Flory's Monster Guide,Box of Greed,Standard,,0.35,Flory's Monster Guide [Box of Greed],10,https://gamersguildazcards.com/collections/warlord-tcg-singles?page=10,Direct collection listing,2026-08-01
Flurry of Knives,Into the Accordlands,Extended,ITA-P11,6.56,Flurry of Knives (Extended Art) [Into the Accordlands],23 (reconciled),https://gamersguildazcards.com/products/flurry-of-knives-ita-p11,Catalog-reconciled; uniform Kickstarter promo price,2026-08-01
Flurry of Knives,Into the Accordlands,Standard,,0.75,Flurry of Knives [Into the Accordlands],14,https://gamersguildazcards.com/collections/warlord-tcg-singles?page=14,Direct collection listing,2026-08-01
Frameseer,Into the Accordlands,Standard,,0.35,Frameseer [Into the Accordlands],19,https://gamersguildazcards.com/collections/warlord-tcg-singles?page=19,Direct collection listing,2026-08-01
Freelance Cavalier,Into the Accordlands,Standard,,0.35,Freelance Cavalier [Into the Accordlands],22,https://gamersguildazcards.com/collections/warlord-tcg-singles?page=22,Direct collection listing,2026-08-01
Frenzy,Into the Accordlands,Standard,,0.35,Frenzy [Into the Accordlands],15,https://gamersguildazcards.com/collections/warlord-tcg-singles?page=15,Direct collection listing,2026-08-01
Gadgeteer Bilder,Into the Accordlands,Standard,,1.5,Gadgeteer Bilder [Into the Accordlands],3,https://gamersguildazcards.com/collections/warlord-tcg-singles?page=3,Direct collection listing,2026-08-01
Gapfinder,Into the Accordlands,Standard,,0.35,Gapfinder [Into the Accordlands],13,https://gamersguildazcards.com/collections/warlord-tcg-singles?page=13,Direct collection listing,2026-08-01
Genecourt Initiate,Into the Accordlands,Extended,ITA-P04,6.56,Genecourt Initiate (Extended Art) [Into the Accordlands],23 (reconciled),https://gamersguildazcards.com/products/genecourt-initiate-ita-p04,Catalog-reconciled; uniform Kickstarter promo price,2026-08-01
Genecourt Initiate,Into the Accordlands,Standard,,0.35,Genecourt Initiate [Into the Accordlands],11,https://gamersguildazcards.com/collections/warlord-tcg-singles?page=11,Direct collection listing,2026-08-01
General Lund,Box of Greed,Standard,,0.35,General Lund [Box of Greed],18,https://gamersguildazcards.com/collections/warlord-tcg-singles?page=18,Direct collection listing,2026-08-01
Getting's World Atlas,Box of Greed,Standard,,0.35,Getting's World Atlas [Box of Greed],10,https://gamersguildazcards.com/collections/warlord-tcg-singles?page=10,Direct collection listing,2026-08-01
Ghed Bane,Into the Accordlands,Standard,,1.5,Ghed Bane [Into the Accordlands],1,https://gamersguildazcards.com/collections/warlord-tcg-singles?page=1,Direct collection listing,2026-08-01
Ghed Daucet,Into the Accordlands,Extended,,1.0,Ghed Daucet (Extended Art) [Into the Accordlands],4,https://gamersguildazcards.com/collections/warlord-tcg-singles?page=4,Direct collection listing,2026-08-01
Ghed Daucet,Into the Accordlands,Standard,,0.75,Ghed Daucet [Into the Accordlands],10,https://gamersguildazcards.com/collections/warlord-tcg-singles?page=10,Direct collection listing,2026-08-01
Ghed Nuri,Box of Greed,Standard,,0.35,Ghed Nuri [Box of Greed],9,https://gamersguildazcards.com/collections/warlord-tcg-singles?page=9,Direct collection listing,2026-08-01
Giant Toad,Box of Greed,Standard,,0.35,Giant Toad [Box of Greed],8,https://gamersguildazcards.com/collections/warlord-tcg-singles?page=8,Direct collection listing,2026-08-01
Gift From Above,Into the Accordlands,Standard,,0.35,Gift From Above [Into the Accordlands],12,https://gamersguildazcards.com/collections/warlord-tcg-singles?page=12,Direct collection listing,2026-08-01
Glaciate,Into the Accordlands,Standard,,1.5,Glaciate [Into the Accordlands],2,https://gamersguildazcards.com/collections/warlord-tcg-singles?page=2,Direct collection listing,2026-08-01
Glimmer,Into the Accordlands,Standard,,0.35,Glimmer [Into the Accordlands],20,https://gamersguildazcards.com/collections/warlord-tcg-singles?page=20,Direct collection listing,2026-08-01
Goldengrove Mage,Into the Accordlands,Standard,,0.35,Goldengrove Mage [Into the Accordlands],19,https://gamersguildazcards.com/collections/warlord-tcg-singles?page=19,Direct collection listing,2026-08-01
"Gorthos, Shadow's Axe",Into the Accordlands,Extended,,0.75,"Gorthos, Shadow's Axe (Extended Art) [Into the Accordlands]",8,https://gamersguildazcards.com/collections/warlord-tcg-singles?page=8,Direct collection listing,2026-08-01
"Gorthos, Shadow's Axe",Into the Accordlands,Standard,,0.75,"Gorthos, Shadow's Axe [Into the Accordlands]",21,https://gamersguildazcards.com/collections/warlord-tcg-singles?page=21,Direct collection listing,2026-08-01
Graham Heyward,Into the Accordlands,Standard,,0.75,Graham Heyward [Into the Accordlands],4,https://gamersguildazcards.com/collections/warlord-tcg-singles?page=4,Direct collection listing,2026-08-01
Grand Inventor Otto,Into the Accordlands,Extended,,10.0,Grand Inventor Otto (Extended Art) [Into the Accordlands],16,https://gamersguildazcards.com/collections/warlord-tcg-singles?page=16,Direct collection listing,2026-08-01
Grand Inventor Otto,Into the Accordlands,Standard,,10.0,Grand Inventor Otto [Into the Accordlands],16,https://gamersguildazcards.com/collections/warlord-tcg-singles?page=16,Direct collection listing,2026-08-01
Grave Exchange,Into the Accordlands,Extended,ITA-P12,6.56,Grave Exchange (Extended Art) [Into the Accordlands],23 (reconciled),https://gamersguildazcards.com/products/grave-exchange-ita-p12,Catalog-reconciled; uniform Kickstarter promo price,2026-08-01
Grave Exchange,Into the Accordlands,Standard,,1.5,Grave Exchange [Into the Accordlands],1,https://gamersguildazcards.com/collections/warlord-tcg-singles?page=1,Direct collection listing,2026-08-01
Graveyard Librarian,Into the Accordlands,Extended,,0.35,Graveyard Librarian (Extended Art) [Into the Accordlands],4,https://gamersguildazcards.com/collections/warlord-tcg-singles?page=4,Direct collection listing,2026-08-01
Graveyard Librarian,Into the Accordlands,Standard,,0.35,Graveyard Librarian [Into the Accordlands],12,https://gamersguildazcards.com/collections/warlord-tcg-singles?page=12,Direct collection listing,2026-08-01
Greenflower Warden,Into the Accordlands,Extended,,0.75,Greenflower Warden (Extended Art) [Into the Accordlands],8,https://gamersguildazcards.com/collections/warlord-tcg-singles?page=8,Direct collection listing,2026-08-01
Greenflower Warden,Into the Accordlands,Standard,,0.75,Greenflower Warden [Into the Accordlands],21,https://gamersguildazcards.com/collections/warlord-tcg-singles?page=21,Direct collection listing,2026-08-01
Griffon of Andover,Into the Accordlands,Extended,ITA-P38,6.56,Griffon of Andover (Extended Art) [Into the Accordlands],22,https://gamersguildazcards.com/collections/warlord-tcg-singles?page=22,Direct collection listing,2026-08-01
Griffon of Andover,Into the Accordlands,Standard,,2.0,Griffon of Andover [Into the Accordlands],1,https://gamersguildazcards.com/collections/warlord-tcg-singles?page=1,Direct collection listing,2026-08-01
Grimfey Prowler,Into the Accordlands,Standard,,0.35,Grimfey Prowler [Into the Accordlands],18,https://gamersguildazcards.com/collections/warlord-tcg-singles?page=18,Direct collection listing,2026-08-01
Grovewarden Elumera,Into the Accordlands,Standard,,0.35,Grovewarden Elumera [Into the Accordlands],22,https://gamersguildazcards.com/collections/warlord-tcg-singles?page=22,Direct collection listing,2026-08-01
Guard Duty,Into the Accordlands,Standard,,0.35,Guard Duty [Into the Accordlands],20,https://gamersguildazcards.com/collections/warlord-tcg-singles?page=20,Direct collection listing,2026-08-01
Gunda,Box of Greed,Standard,,0.35,Gunda [Box of Greed],7,https://gamersguildazcards.com/collections/warlord-tcg-singles?page=7,Direct collection listing,2026-08-01
Hagunk,Into the Accordlands,Standard,,0.35,Hagunk [Into the Accordlands],17,https://gamersguildazcards.com/collections/warlord-tcg-singles?page=17,Direct collection listing,2026-08-01
Havat-lahn Stance,Into the Accordlands,Extended,,1.22,Havat-lahn Stance (Extended Art) [Into the Accordlands],7,https://gamersguildazcards.com/collections/warlord-tcg-singles?page=7,Direct collection listing,2026-08-01
Havat-lahn Stance,Into the Accordlands,Standard,,0.75,Havat-lahn Stance [Into the Accordlands],7,https://gamersguildazcards.com/collections/warlord-tcg-singles?page=7,Direct collection listing,2026-08-01
Hazahk of Shadow,Into the Accordlands,Extended,ITA-P36,3.29,Hazahk of Shadow (Extended Art) [Into the Accordlands],22,https://gamersguildazcards.com/collections/warlord-tcg-singles?page=22,Direct collection listing,2026-08-01
Hazahk of Shadow,Into the Accordlands,Standard,,0.35,Hazahk of Shadow [Into the Accordlands],12,https://gamersguildazcards.com/collections/warlord-tcg-singles?page=12,Direct collection listing,2026-08-01
Heaven's Wrath,Box of Greed,Standard,,0.5,Heaven's Wrath [Box of Greed],4,https://gamersguildazcards.com/collections/warlord-tcg-singles?page=4,Direct collection listing,2026-08-01
Heavy Charger,Box of Greed,Standard,,0.69,Heavy Charger [Box of Greed],6,https://gamersguildazcards.com/collections/warlord-tcg-singles?page=6,Direct collection listing,2026-08-01
Heavy Crossbow,Into the Accordlands,Standard,,0.35,Heavy Crossbow [Into the Accordlands],20,https://gamersguildazcards.com/collections/warlord-tcg-singles?page=20,Direct collection listing,2026-08-01
Heerman's Epic,Box of Greed,Standard,,0.35,Heerman's Epic [Box of Greed],10,https://gamersguildazcards.com/collections/warlord-tcg-singles?page=10,Direct collection listing,2026-08-01
Heresy Huntress,Into the Accordlands,Standard,,0.35,Heresy Huntress [Into the Accordlands],19,https://gamersguildazcards.com/collections/warlord-tcg-singles?page=19,Direct collection listing,2026-08-01
Heresy Ward,Into the Accordlands,Extended,,0.75,Heresy Ward (Extended Art) [Into the Accordlands],15,https://gamersguildazcards.com/collections/warlord-tcg-singles?page=15,Direct collection listing,2026-08-01
Heresy Ward,Into the Accordlands,Standard,,0.75,Heresy Ward [Into the Accordlands],20,https://gamersguildazcards.com/collections/warlord-tcg-singles?page=20,Direct collection listing,2026-08-01
Heroic Confrontation,Into the Accordlands,Extended,,2.26,Heroic Confrontation (Extended Art) [Into the Accordlands],8,https://gamersguildazcards.com/collections/warlord-tcg-singles?page=8,Direct collection listing,2026-08-01
Heroic Confrontation,Into the Accordlands,Standard,,1.5,Heroic Confrontation [Into the Accordlands],3,https://gamersguildazcards.com/collections/warlord-tcg-singles?page=3,Direct collection listing,2026-08-01
High Acolyte Hellene,Into the Accordlands,Extended,,1.5,High Acolyte Hellene (Extended Art) [Into the Accordlands],7,https://gamersguildazcards.com/collections/warlord-tcg-singles?page=7,Direct collection listing,2026-08-01
High Acolyte Hellene,Into the Accordlands,Standard,,1.5,High Acolyte Hellene [Into the Accordlands],15,https://gamersguildazcards.com/collections/warlord-tcg-singles?page=15,Direct collection listing,2026-08-01
Hinterlands Griffon,Into the Accordlands,Standard,,0.75,Hinterlands Griffon [Into the Accordlands],6,https://gamersguildazcards.com/collections/warlord-tcg-singles?page=6,Direct collection listing,2026-08-01
Hod's Legacy,Into the Accordlands,Extended,,1.5,Hod's Legacy (Extended Art) [Into the Accordlands],9,https://gamersguildazcards.com/collections/warlord-tcg-singles?page=9,Direct collection listing,2026-08-01
Hod's Legacy,Into the Accordlands,Standard,,1.5,Hod's Legacy [Into the Accordlands],9,https://gamersguildazcards.com/collections/warlord-tcg-singles?page=9,Direct collection listing,2026-08-01
Holy Might,Into the Accordlands,Extended,ITA-P10,6.56,Holy Might (Extended Art) [Into the Accordlands],23 (reconciled),https://gamersguildazcards.com/products/holy-might-ita-p10,Catalog-reconciled; uniform Kickstarter promo price,2026-08-01
Holy Might,Into the Accordlands,Standard,,0.75,Holy Might [Into the Accordlands],9,https://gamersguildazcards.com/collections/warlord-tcg-singles?page=9,Direct collection listing,2026-08-01
Hrun Instigator,Into the Accordlands,Standard,,0.35,Hrun Instigator [Into the Accordlands],17,https://gamersguildazcards.com/collections/warlord-tcg-singles?page=17,Direct collection listing,2026-08-01
Huggins,Into the Accordlands,Extended,ITA-P07,6.56,Huggins (Extended Art) [Into the Accordlands],23 (reconciled),https://gamersguildazcards.com/products/huggins-ita-p07,Catalog-reconciled; uniform Kickstarter promo price,2026-08-01
Huggins,Into the Accordlands,Standard,,1.5,Huggins [Into the Accordlands],2,https://gamersguildazcards.com/collections/warlord-tcg-singles?page=2,Direct collection listing,2026-08-01
Hunt From Above,Into the Accordlands,Extended,,1.5,Hunt From Above (Extended Art) [Into the Accordlands],11,https://gamersguildazcards.com/collections/warlord-tcg-singles?page=11,Direct collection listing,2026-08-01
Hunt From Above,Into the Accordlands,Standard,,1.5,Hunt From Above [Into the Accordlands],6,https://gamersguildazcards.com/collections/warlord-tcg-singles?page=6,Direct collection listing,2026-08-01
Hunter Merril,Into the Accordlands,Standard,,0.35,Hunter Merril [Into the Accordlands],22,https://gamersguildazcards.com/collections/warlord-tcg-singles?page=22,Direct collection listing,2026-08-01
Hunting Staff,Into the Accordlands,Standard,,0.75,Hunting Staff [Into the Accordlands],8,https://gamersguildazcards.com/collections/warlord-tcg-singles?page=8,Direct collection listing,2026-08-01
I Have Your Back,Into the Accordlands,Standard,,0.35,I Have Your Back [Into the Accordlands],18,https://gamersguildazcards.com/collections/warlord-tcg-singles?page=18,Direct collection listing,2026-08-01
Icy Surge,Box of Greed,Standard,,0.35,Icy Surge [Box of Greed],10,https://gamersguildazcards.com/collections/warlord-tcg-singles?page=10,Direct collection listing,2026-08-01
Improvised Weapon,Into the Accordlands,Standard,,0.35,Improvised Weapon [Into the Accordlands],21,https://gamersguildazcards.com/collections/warlord-tcg-singles?page=21,Direct collection listing,2026-08-01
Incinerate,Box of Greed,Standard,,1.5,Incinerate [Box of Greed],5,https://gamersguildazcards.com/collections/warlord-tcg-singles?page=5,Direct collection listing,2026-08-01
Invoke the Storm,Into the Accordlands,Standard,,1.5,Invoke the Storm [Into the Accordlands],1,https://gamersguildazcards.com/collections/warlord-tcg-singles?page=1,Direct collection listing,2026-08-01
Isadran Kennelmaster,Into the Accordlands,Standard,,0.75,Isadran Kennelmaster [Into the Accordlands],7,https://gamersguildazcards.com/collections/warlord-tcg-singles?page=7,Direct collection listing,2026-08-01
Ivaas,Box of Greed,Standard,,0.35,Ivaas [Box of Greed],11,https://gamersguildazcards.com/collections/warlord-tcg-singles?page=11,Direct collection listing,2026-08-01
Jigoral,Into the Accordlands,Standard,,0.35,Jigoral [Into the Accordlands],17,https://gamersguildazcards.com/collections/warlord-tcg-singles?page=17,Direct collection listing,2026-08-01
Joleg,Into the Accordlands,Standard,,0.35,Joleg [Into the Accordlands],14,https://gamersguildazcards.com/collections/warlord-tcg-singles?page=14,Direct collection listing,2026-08-01
Jorn of the Summit,Box of Greed,Standard,,0.35,Jorn of the Summit [Box of Greed],22,https://gamersguildazcards.com/collections/warlord-tcg-singles?page=22,Direct collection listing,2026-08-01
Journal Entry,Box of Greed,Standard,,0.5,Journal Entry [Box of Greed],5,https://gamersguildazcards.com/collections/warlord-tcg-singles?page=5,Direct collection listing,2026-08-01
Jubilant Hatchling,Into the Accordlands,Standard,,0.75,Jubilant Hatchling [Into the Accordlands],6,https://gamersguildazcards.com/collections/warlord-tcg-singles?page=6,Direct collection listing,2026-08-01
Jump,Into the Accordlands,Standard,,0.35,Jump [Into the Accordlands],19,https://gamersguildazcards.com/collections/warlord-tcg-singles?page=19,Direct collection listing,2026-08-01
Justinian,Box of Greed,Standard,,0.35,Justinian [Box of Greed],9,https://gamersguildazcards.com/collections/warlord-tcg-singles?page=9,Direct collection listing,2026-08-01
Kaballite Regalia,Into the Accordlands,Standard,,1.5,Kaballite Regalia [Into the Accordlands],3,https://gamersguildazcards.com/collections/warlord-tcg-singles?page=3,Direct collection listing,2026-08-01
Kazkah,Into the Accordlands,Standard,,0.35,Kazkah [Into the Accordlands],22,https://gamersguildazcards.com/collections/warlord-tcg-singles?page=22,Direct collection listing,2026-08-01
Keen Eared Sentry,Into the Accordlands,Standard,,0.35,Keen Eared Sentry [Into the Accordlands],12,https://gamersguildazcards.com/collections/warlord-tcg-singles?page=12,Direct collection listing,2026-08-01
Keep Watch,Into the Accordlands,Standard,,0.35,Keep Watch [Into the Accordlands],17,https://gamersguildazcards.com/collections/warlord-tcg-singles?page=17,Direct collection listing,2026-08-01
Kingslayer,Into the Accordlands,Extended,,4.5,Kingslayer (Extended Art) [Into the Accordlands],4,https://gamersguildazcards.com/collections/warlord-tcg-singles?page=4,Direct collection listing,2026-08-01
Kingslayer,Into the Accordlands,Standard,,1.5,Kingslayer [Into the Accordlands],3,https://gamersguildazcards.com/collections/warlord-tcg-singles?page=3,Direct collection listing,2026-08-01
Kor's Aegis,Into the Accordlands,Standard,,10.0,Kor's Aegis [Into the Accordlands],3,https://gamersguildazcards.com/collections/warlord-tcg-singles?page=3,Direct collection listing,2026-08-01
Kor's Patience,Into the Accordlands,Standard,,0.75,Kor's Patience [Into the Accordlands],11,https://gamersguildazcards.com/collections/warlord-tcg-singles?page=11,Direct collection listing,2026-08-01
Kothkah,Box of Greed,Standard,,0.75,Kothkah [Box of Greed],19,https://gamersguildazcards.com/collections/warlord-tcg-singles?page=19,Direct collection listing,2026-08-01
Kraig'dem,Into the Accordlands,Standard,,0.35,Kraig'dem [Into the Accordlands],18,https://gamersguildazcards.com/collections/warlord-tcg-singles?page=18,Direct collection listing,2026-08-01
Kurak Stonejaw,Into the Accordlands,Extended,,1.83,Kurak Stonejaw (Extended Art) [Into the Accordlands],8,https://gamersguildazcards.com/collections/warlord-tcg-singles?page=8,Direct collection listing,2026-08-01
Kurak Stonejaw,Into the Accordlands,Standard,,1.5,Kurak Stonejaw [Into the Accordlands],14,https://gamersguildazcards.com/collections/warlord-tcg-singles?page=14,Direct collection listing,2026-08-01
Lady Estelle,Into the Accordlands,Standard,,0.75,Lady Estelle [Into the Accordlands],15,https://gamersguildazcards.com/collections/warlord-tcg-singles?page=15,Direct collection listing,2026-08-01
Lekar Osud,Box of Greed,Standard,,0.35,Lekar Osud [Box of Greed],20,https://gamersguildazcards.com/collections/warlord-tcg-singles?page=20,Direct collection listing,2026-08-01
Leonora,Into the Accordlands,Standard,,0.35,Leonora [Into the Accordlands],14,https://gamersguildazcards.com/collections/warlord-tcg-singles?page=14,Direct collection listing,2026-08-01
Leopard Claws,Into the Accordlands,Standard,,0.35,Leopard Claws [Into the Accordlands],14,https://gamersguildazcards.com/collections/warlord-tcg-singles?page=14,Direct collection listing,2026-08-01
Leveled Up,Into the Accordlands,Standard,,0.35,Leveled Up [Into the Accordlands],19,https://gamersguildazcards.com/collections/warlord-tcg-singles?page=19,Direct collection listing,2026-08-01
Leveled!,Into the Accordlands,Extended,ITA-P03,3.29,Leveled! (Extended Art) [Into the Accordlands],23 (reconciled),https://gamersguildazcards.com/products/leveled-ita-p03,Direct indexed product listing,2026-08-01
Leveled!,Into the Accordlands,Standard,,0.35,Leveled! [Into the Accordlands],6,https://gamersguildazcards.com/collections/warlord-tcg-singles?page=6,Direct collection listing,2026-08-01
Librarian Shastra,Into the Accordlands,Extended,,10.0,Librarian Shastra (Extended Art) [Into the Accordlands],16,https://gamersguildazcards.com/collections/warlord-tcg-singles?page=16,Direct collection listing,2026-08-01
Librarian Shastra,Into the Accordlands,Standard,,10.0,Librarian Shastra [Into the Accordlands],21,https://gamersguildazcards.com/collections/warlord-tcg-singles?page=21,Direct collection listing,2026-08-01
Lightning Blast,Into the Accordlands,Standard,,0.35,Lightning Blast [Into the Accordlands],11,https://gamersguildazcards.com/collections/warlord-tcg-singles?page=11,Direct collection listing,2026-08-01
Lights of Revealing Sword,Into the Accordlands,Extended,,2.5,Lights of Revealing Sword (Extended Art) [Into the Accordlands],6,https://gamersguildazcards.com/collections/warlord-tcg-singles?page=6,Direct collection listing,2026-08-01
Lights of Revealing Sword,Into the Accordlands,Standard,,1.75,Lights of Revealing Sword [Into the Accordlands],1,https://gamersguildazcards.com/collections/warlord-tcg-singles?page=1,Direct collection listing,2026-08-01
Limestone Gargoyle,Box of Greed,Standard,,0.35,Limestone Gargoyle [Box of Greed],15,https://gamersguildazcards.com/collections/warlord-tcg-singles?page=15,Direct collection listing,2026-08-01
Lord Barrow,Into the Accordlands,Extended,,1.83,Lord Barrow (Extended Art) [Into the Accordlands],7,https://gamersguildazcards.com/collections/warlord-tcg-singles?page=7,Direct collection listing,2026-08-01
Lord Barrow,Into the Accordlands,Standard,,1.5,Lord Barrow [Into the Accordlands],14,https://gamersguildazcards.com/collections/warlord-tcg-singles?page=14,Direct collection listing,2026-08-01
Lord Belasco,Into the Accordlands,Extended,,0.75,Lord Belasco (Extended Art) [Into the Accordlands],4,https://gamersguildazcards.com/collections/warlord-tcg-singles?page=4,Direct collection listing,2026-08-01
Lord Belasco,Into the Accordlands,Standard,,0.75,Lord Belasco [Into the Accordlands],20,https://gamersguildazcards.com/collections/warlord-tcg-singles?page=20,Direct collection listing,2026-08-01
Lord's Assailant,Into the Accordlands,Standard,,0.75,Lord's Assailant [Into the Accordlands],7,https://gamersguildazcards.com/collections/warlord-tcg-singles?page=7,Direct collection listing,2026-08-01
Loyalty's Reward,Box of Greed,Standard,,1.5,Loyalty's Reward [Box of Greed],5,https://gamersguildazcards.com/collections/warlord-tcg-singles?page=5,Direct collection listing,2026-08-01
Luthlarius Regalia,Into the Accordlands,Standard,,1.5,Luthlarius Regalia [Into the Accordlands],2,https://gamersguildazcards.com/collections/warlord-tcg-singles?page=2,Direct collection listing,2026-08-01
Magic Missiles,Into the Accordlands,Standard,,0.35,Magic Missiles [Into the Accordlands],10,https://gamersguildazcards.com/collections/warlord-tcg-singles?page=10,Direct collection listing,2026-08-01
Mair Haven,Into the Accordlands,Extended,,1.5,Mair Haven (Extended Art) [Into the Accordlands],7,https://gamersguildazcards.com/collections/warlord-tcg-singles?page=7,Direct collection listing,2026-08-01
Mair Haven,Into the Accordlands,Standard,,1.5,Mair Haven [Into the Accordlands],14,https://gamersguildazcards.com/collections/warlord-tcg-singles?page=14,Direct collection listing,2026-08-01
Makusog Steelhorn,Into the Accordlands,Standard,,0.75,Makusog Steelhorn [Into the Accordlands],14,https://gamersguildazcards.com/collections/warlord-tcg-singles?page=14,Direct collection listing,2026-08-01
Marcus Shaw,Box of Greed,Extended,,0.75,Marcus Shaw (Extended Art) [Box of Greed],17,https://gamersguildazcards.com/collections/warlord-tcg-singles?page=17,Direct collection listing,2026-08-01
Mass Blessing,Box of Greed,Standard,,3.0,Mass Blessing [Box of Greed],5,https://gamersguildazcards.com/collections/warlord-tcg-singles?page=5,Direct collection listing,2026-08-01
Massacre,Box of Greed,Standard,,0.56,Massacre [Box of Greed],7,https://gamersguildazcards.com/collections/warlord-tcg-singles?page=7,Direct collection listing,2026-08-01
Master Dresden,Into the Accordlands,Standard,,90.0,Master Dresden [Into the Accordlands],1,https://gamersguildazcards.com/collections/warlord-tcg-singles?page=1,Direct collection listing,2026-08-01
Medical Kit,Into the Accordlands,Standard,,0.75,Medical Kit [Into the Accordlands],3,https://gamersguildazcards.com/collections/warlord-tcg-singles?page=3,Direct collection listing,2026-08-01
Medwin's Codex,Box of Greed,Standard,,0.35,Medwin's Codex [Box of Greed],10,https://gamersguildazcards.com/collections/warlord-tcg-singles?page=10,Direct collection listing,2026-08-01
Meet at the Inn!,Into the Accordlands,Extended,ITA-P01,3.29,Meet at the Inn! (Extended Art) [Into the Accordlands],23 (reconciled),https://gamersguildazcards.com/collections/warlord-tcg-singles?page=23,Catalog-reconciled; price inferred from promo batch,2026-08-01
Meet at the Inn!,Into the Accordlands,Extended,ITA-P16,6.56,Meet at the Inn! (Extended Art) [Into the Accordlands],22,https://gamersguildazcards.com/collections/warlord-tcg-singles?page=22,Direct collection listing,2026-08-01
Meet at the Inn!,Into the Accordlands,Standard,,0.35,Meet at the Inn! [Into the Accordlands],2,https://gamersguildazcards.com/collections/warlord-tcg-singles?page=2,Direct collection listing,2026-08-01
Melt Metal,Into the Accordlands,Standard,,0.75,Melt Metal [Into the Accordlands],13,https://gamersguildazcards.com/collections/warlord-tcg-singles?page=13,Direct collection listing,2026-08-01
Memoriam,Into the Accordlands,Extended,,2.0,Memoriam (Extended Art) [Into the Accordlands],21,https://gamersguildazcards.com/collections/warlord-tcg-singles?page=21,Direct collection listing,2026-08-01
Memoriam,Into the Accordlands,Standard,,1.5,Memoriam [Into the Accordlands],12,https://gamersguildazcards.com/collections/warlord-tcg-singles?page=12,Direct collection listing,2026-08-01
Mentor,Box of Greed,Standard,,0.35,Mentor [Box of Greed],8,https://gamersguildazcards.com/collections/warlord-tcg-singles?page=8,Direct collection listing,2026-08-01
Mephit,Into the Accordlands,Standard,,0.75,Mephit [Into the Accordlands],12,https://gamersguildazcards.com/collections/warlord-tcg-singles?page=12,Direct collection listing,2026-08-01
Merrick Regalia,Into the Accordlands,Standard,,1.5,Merrick Regalia [Into the Accordlands],1,https://gamersguildazcards.com/collections/warlord-tcg-singles?page=1,Direct collection listing,2026-08-01
Midnight Madness,Into the Accordlands,Standard,,1.5,Midnight Madness [Into the Accordlands],4,https://gamersguildazcards.com/collections/warlord-tcg-singles?page=4,Direct collection listing,2026-08-01
Minor Miracle,Box of Greed,Standard,,0.77,Minor Miracle [Box of Greed],5,https://gamersguildazcards.com/collections/warlord-tcg-singles?page=5,Direct collection listing,2026-08-01
Misearean Scout,Into the Accordlands,Standard,,0.35,Misearean Scout [Into the Accordlands],22,https://gamersguildazcards.com/collections/warlord-tcg-singles?page=22,Direct collection listing,2026-08-01
Mistress Allandra,Into the Accordlands,Standard,,0.35,Mistress Allandra [Into the Accordlands],17,https://gamersguildazcards.com/collections/warlord-tcg-singles?page=17,Direct collection listing,2026-08-01
Mo'can,Into the Accordlands,Standard,,0.75,Mo'can [Into the Accordlands],13,https://gamersguildazcards.com/collections/warlord-tcg-singles?page=13,Direct collection listing,2026-08-01
Mollusk Helm,Box of Greed,Standard,,0.35,Mollusk Helm [Box of Greed],11,https://gamersguildazcards.com/collections/warlord-tcg-singles?page=11,Direct collection listing,2026-08-01
Morrigan De Danaan,Box of Greed,Extended,,0.75,Morrigan De Danaan (Extended Art) [Box of Greed],8,https://gamersguildazcards.com/collections/warlord-tcg-singles?page=8,Direct collection listing,2026-08-01
Muddflek,Into the Accordlands,Standard,,0.35,Muddflek [Into the Accordlands],14,https://gamersguildazcards.com/collections/warlord-tcg-singles?page=14,Direct collection listing,2026-08-01
Myerdeth Mare,Into the Accordlands,Extended,ITA-P17,6.56,Myerdeth Mare (Extended Art) [Into the Accordlands],22,https://gamersguildazcards.com/collections/warlord-tcg-singles?page=22,Direct collection listing,2026-08-01
Myerdeth Mare,Into the Accordlands,Standard,,0.75,Myerdeth Mare [Into the Accordlands],10,https://gamersguildazcards.com/collections/warlord-tcg-singles?page=10,Direct collection listing,2026-08-01
Naines,Box of Greed,Standard,,0.35,Naines [Box of Greed],13,https://gamersguildazcards.com/collections/warlord-tcg-singles?page=13,Direct collection listing,2026-08-01
Nature's Ally,Into the Accordlands,Standard,,0.35,Nature's Ally [Into the Accordlands],21,https://gamersguildazcards.com/collections/warlord-tcg-singles?page=21,Direct collection listing,2026-08-01
Necklace of Spell Storing,Box of Greed,Standard,,0.35,Necklace of Spell Storing [Box of Greed],8,https://gamersguildazcards.com/collections/warlord-tcg-singles?page=8,Direct collection listing,2026-08-01
Nehil,Into the Accordlands,Standard,,0.35,Nehil [Into the Accordlands],13,https://gamersguildazcards.com/collections/warlord-tcg-singles?page=13,Direct collection listing,2026-08-01
Nemtok,Box of Greed,Standard,,0.5,Nemtok [Box of Greed],5,https://gamersguildazcards.com/collections/warlord-tcg-singles?page=5,Direct collection listing,2026-08-01
Nightfire Manacles,Into the Accordlands,Standard,,0.35,Nightfire Manacles [Into the Accordlands],16,https://gamersguildazcards.com/collections/warlord-tcg-singles?page=16,Direct collection listing,2026-08-01
Nilrem,Box of Greed,Standard,,1.5,Nilrem [Box of Greed],5,https://gamersguildazcards.com/collections/warlord-tcg-singles?page=5,Direct collection listing,2026-08-01
Nisha,Into the Accordlands,Standard,,0.35,Nisha [Into the Accordlands],22,https://gamersguildazcards.com/collections/warlord-tcg-singles?page=22,Direct collection listing,2026-08-01
Noble Sacrifice,Into the Accordlands,Standard,,0.35,Noble Sacrifice [Into the Accordlands],7,https://gamersguildazcards.com/collections/warlord-tcg-singles?page=7,Direct collection listing,2026-08-01
"Nog, Pog, and Snivels",Into the Accordlands,Standard,,20.0,"Nog, Pog, and Snivels [Into the Accordlands]",1,https://gamersguildazcards.com/collections/warlord-tcg-singles?page=1,Direct collection listing,2026-08-01
Nothrog S'sike,Into the Accordlands,Standard,,0.35,Nothrog S'sike [Into the Accordlands],15,https://gamersguildazcards.com/collections/warlord-tcg-singles?page=15,Direct collection listing,2026-08-01
Novice Pyro,Into the Accordlands,Standard,,0.35,Novice Pyro [Into the Accordlands],15,https://gamersguildazcards.com/collections/warlord-tcg-singles?page=15,Direct collection listing,2026-08-01
Obliterate,Box of Greed,Standard,,3.0,Obliterate [Box of Greed],4,https://gamersguildazcards.com/collections/warlord-tcg-singles?page=4,Direct collection listing,2026-08-01
Opal Gargoyle,Box of Greed,Standard,,0.35,Opal Gargoyle [Box of Greed],12,https://gamersguildazcards.com/collections/warlord-tcg-singles?page=12,Direct collection listing,2026-08-01
Oracle of Kavara,Into the Accordlands,Extended,,2.0,Oracle of Kavara (Extended Art) [Into the Accordlands],5,https://gamersguildazcards.com/collections/warlord-tcg-singles?page=5,Direct collection listing,2026-08-01
Oracle of Kavara,Into the Accordlands,Standard,ITA-115,0.75,Oracle of Kavara [Into the Accordlands],1,https://gamersguildazcards.com/collections/warlord-tcg-singles?page=1,Direct collection listing,2026-08-01
Oracle of Kavara,Into the Accordlands,Standard,ITA-P31,14.35,Oracle of Kavara [Into the Accordlands],22,https://gamersguildazcards.com/collections/warlord-tcg-singles?page=22,Direct collection listing,2026-08-01
Out of Options,Into the Accordlands,Standard,,0.35,Out of Options [Into the Accordlands],22,https://gamersguildazcards.com/collections/warlord-tcg-singles?page=22,Direct collection listing,2026-08-01
Overburdened Nag,Into the Accordlands,Standard,,0.35,Overburdened Nag [Into the Accordlands],18,https://gamersguildazcards.com/collections/warlord-tcg-singles?page=18,Direct collection listing,2026-08-01
Pack Tactics,Into the Accordlands,Standard,,0.35,Pack Tactics [Into the Accordlands],18,https://gamersguildazcards.com/collections/warlord-tcg-singles?page=18,Direct collection listing,2026-08-01
Percy Dorn,Into the Accordlands,Standard,,0.35,Percy Dorn [Into the Accordlands],15,https://gamersguildazcards.com/collections/warlord-tcg-singles?page=15,Direct collection listing,2026-08-01
Perpetual Pouch,Box of Greed,Standard,,0.35,Perpetual Pouch [Box of Greed],11,https://gamersguildazcards.com/collections/warlord-tcg-singles?page=11,Direct collection listing,2026-08-01
Peyton Latham,Box of Greed,Standard,,0.5,Peyton Latham [Box of Greed],5,https://gamersguildazcards.com/collections/warlord-tcg-singles?page=5,Direct collection listing,2026-08-01
Pin Down,Into the Accordlands,Standard,,0.35,Pin Down [Into the Accordlands],9,https://gamersguildazcards.com/collections/warlord-tcg-singles?page=9,Direct collection listing,2026-08-01
Pious Rebuke,Into the Accordlands,Standard,,1.5,Pious Rebuke [Into the Accordlands],3,https://gamersguildazcards.com/collections/warlord-tcg-singles?page=3,Direct collection listing,2026-08-01
Polymorph,Into the Accordlands,Standard,,1.5,Polymorph [Into the Accordlands],2,https://gamersguildazcards.com/collections/warlord-tcg-singles?page=2,Direct collection listing,2026-08-01
Potion of Youth,Box of Greed,Standard,,1.5,Potion of Youth [Box of Greed],6,https://gamersguildazcards.com/collections/warlord-tcg-singles?page=6,Direct collection listing,2026-08-01
Pounce,Into the Accordlands,Extended,ITA-P14,6.56,Pounce (Extended Art) [Into the Accordlands],22,https://gamersguildazcards.com/collections/warlord-tcg-singles?page=22,Direct collection listing,2026-08-01
Pounce,Into the Accordlands,Standard,,0.75,Pounce [Into the Accordlands],10,https://gamersguildazcards.com/collections/warlord-tcg-singles?page=10,Direct collection listing,2026-08-01
Premonition Pendant,Into the Accordlands,Standard,,0.35,Premonition Pendant [Into the Accordlands],18,https://gamersguildazcards.com/collections/warlord-tcg-singles?page=18,Direct collection listing,2026-08-01
Press the Attack,Into the Accordlands,Standard,,1.5,Press the Attack [Into the Accordlands],2,https://gamersguildazcards.com/collections/warlord-tcg-singles?page=2,Direct collection listing,2026-08-01
Prime Positioning,Into the Accordlands,Standard,,0.75,Prime Positioning [Into the Accordlands],8,https://gamersguildazcards.com/collections/warlord-tcg-singles?page=8,Direct collection listing,2026-08-01
Profit,Box of Greed,Standard,,0.35,Profit [Box of Greed],17,https://gamersguildazcards.com/collections/warlord-tcg-singles?page=17,Direct collection listing,2026-08-01
Punitive Strike,Into the Accordlands,Standard,,0.35,Punitive Strike [Into the Accordlands],20,https://gamersguildazcards.com/collections/warlord-tcg-singles?page=20,Direct collection listing,2026-08-01
Quartermaster Dirge,Into the Accordlands,Standard,,0.75,Quartermaster Dirge [Into the Accordlands],13,https://gamersguildazcards.com/collections/warlord-tcg-singles?page=13,Direct collection listing,2026-08-01
Quazlan Rivet,Into the Accordlands,Standard,,0.35,Quazlan Rivet [Into the Accordlands],18,https://gamersguildazcards.com/collections/warlord-tcg-singles?page=18,Direct collection listing,2026-08-01
Quick Dodge,Into the Accordlands,Standard,,0.35,Quick Dodge [Into the Accordlands],18,https://gamersguildazcards.com/collections/warlord-tcg-singles?page=18,Direct collection listing,2026-08-01
Quick Shielding,Into the Accordlands,Standard,,0.35,Quick Shielding [Into the Accordlands],12,https://gamersguildazcards.com/collections/warlord-tcg-singles?page=12,Direct collection listing,2026-08-01
Quick Strength,Into the Accordlands,Standard,,0.35,Quick Strength [Into the Accordlands],14,https://gamersguildazcards.com/collections/warlord-tcg-singles?page=14,Direct collection listing,2026-08-01
Quicksilver Gargoyle,Into the Accordlands,Standard,,0.75,Quicksilver Gargoyle [Into the Accordlands],15,https://gamersguildazcards.com/collections/warlord-tcg-singles?page=15,Direct collection listing,2026-08-01
R'Veeka,Box of Greed,Standard,,0.35,R'Veeka [Box of Greed],7,https://gamersguildazcards.com/collections/warlord-tcg-singles?page=7,Direct collection listing,2026-08-01
Ra'Gar Root-Strength,Into the Accordlands,Extended,ITA-P09,6.56,Ra'Gar Root-Strength (Extended Art) [Into the Accordlands],23 (reconciled),https://gamersguildazcards.com/products/ra-gar-root-strength-ita-p09,Catalog-reconciled; uniform Kickstarter promo price,2026-08-01
Ra'Gar Root-Strength,Into the Accordlands,Standard,,0.75,Ra'Gar Root-Strength [Into the Accordlands],13,https://gamersguildazcards.com/collections/warlord-tcg-singles?page=13,Direct collection listing,2026-08-01
"Ramesh, Elder Sage",Into the Accordlands,Standard,,0.35,"Ramesh, Elder Sage [Into the Accordlands]",22,https://gamersguildazcards.com/collections/warlord-tcg-singles?page=22,Direct collection listing,2026-08-01
Rapid Dash,Into the Accordlands,Extended,,0.89,Rapid Dash (Extended Art) [Into the Accordlands],6,https://gamersguildazcards.com/collections/warlord-tcg-singles?page=6,Direct collection listing,2026-08-01
Rapid Dash,Into the Accordlands,Standard,,0.75,Rapid Dash [Into the Accordlands],19,https://gamersguildazcards.com/collections/warlord-tcg-singles?page=19,Direct collection listing,2026-08-01
Recruiter of Misear,Into the Accordlands,Standard,,0.35,Recruiter of Misear [Into the Accordlands],11,https://gamersguildazcards.com/collections/warlord-tcg-singles?page=11,Direct collection listing,2026-08-01
Remorna,Box of Greed,Standard,,0.35,Remorna [Box of Greed],11,https://gamersguildazcards.com/collections/warlord-tcg-singles?page=11,Direct collection listing,2026-08-01
Resurrection,Into the Accordlands,Standard,,0.35,Resurrection [Into the Accordlands],13,https://gamersguildazcards.com/collections/warlord-tcg-singles?page=13,Direct collection listing,2026-08-01
Retreat from the Roil,Into the Accordlands,Standard,,0.35,Retreat from the Roil [Into the Accordlands],17,https://gamersguildazcards.com/collections/warlord-tcg-singles?page=17,Direct collection listing,2026-08-01
Revenger,Into the Accordlands,Standard,,1.5,Revenger [Into the Accordlands],1,https://gamersguildazcards.com/collections/warlord-tcg-singles?page=1,Direct collection listing,2026-08-01
Revitalizing Roots,Into the Accordlands,Standard,,0.75,Revitalizing Roots [Into the Accordlands],10,https://gamersguildazcards.com/collections/warlord-tcg-singles?page=10,Direct collection listing,2026-08-01
Riding Horse,Into the Accordlands,Standard,,0.35,Riding Horse [Into the Accordlands],16,https://gamersguildazcards.com/collections/warlord-tcg-singles?page=16,Direct collection listing,2026-08-01
Ring of the Savant,Box of Greed,Standard,,0.62,Ring of the Savant [Box of Greed],5,https://gamersguildazcards.com/collections/warlord-tcg-singles?page=5,Direct collection listing,2026-08-01
Ritual Dagger,Into the Accordlands,Standard,,0.75,Ritual Dagger [Into the Accordlands],16,https://gamersguildazcards.com/collections/warlord-tcg-singles?page=16,Direct collection listing,2026-08-01
Rockarm,Into the Accordlands,Standard,,0.75,Rockarm [Into the Accordlands],2,https://gamersguildazcards.com/collections/warlord-tcg-singles?page=2,Direct collection listing,2026-08-01
Rolando,Box of Greed,Standard,,0.35,Rolando [Box of Greed],6,https://gamersguildazcards.com/collections/warlord-tcg-singles?page=6,Direct collection listing,2026-08-01
Rone of the Deepbrook,Into the Accordlands,Extended,,0.75,Rone of the Deepbrook (Extended Art) [Into the Accordlands],10,https://gamersguildazcards.com/collections/warlord-tcg-singles?page=10,Direct collection listing,2026-08-01
Rone of the Deepbrook,Into the Accordlands,Standard,,0.75,Rone of the Deepbrook [Into the Accordlands],21,https://gamersguildazcards.com/collections/warlord-tcg-singles?page=21,Direct collection listing,2026-08-01
Rotwing,Box of Greed,Standard,,0.75,Rotwing [Box of Greed],13,https://gamersguildazcards.com/collections/warlord-tcg-singles?page=13,Direct collection listing,2026-08-01
Rrok,Into the Accordlands,Standard,,1.5,Rrok [Into the Accordlands],6,https://gamersguildazcards.com/collections/warlord-tcg-singles?page=6,Direct collection listing,2026-08-01
Sacrifice,Into the Accordlands,Standard,,0.35,Sacrifice [Into the Accordlands],12,https://gamersguildazcards.com/collections/warlord-tcg-singles?page=12,Direct collection listing,2026-08-01
Salvage,Into the Accordlands,Standard,,0.75,Salvage [Into the Accordlands],19,https://gamersguildazcards.com/collections/warlord-tcg-singles?page=19,Direct collection listing,2026-08-01
Sand Fiend,Into the Accordlands,Standard,,0.35,Sand Fiend [Into the Accordlands],18,https://gamersguildazcards.com/collections/warlord-tcg-singles?page=18,Direct collection listing,2026-08-01
Sanguicorn,Into the Accordlands,Standard,,0.75,Sanguicorn [Into the Accordlands],10,https://gamersguildazcards.com/collections/warlord-tcg-singles?page=10,Direct collection listing,2026-08-01
Sar'ean,Box of Greed,Standard,,0.35,Sar'ean [Box of Greed],9,https://gamersguildazcards.com/collections/warlord-tcg-singles?page=9,Direct collection listing,2026-08-01
Sarakian Sellsword,Into the Accordlands,Standard,ITA-161,0.35,Sarakian Sellsword [Into the Accordlands],23,https://gamersguildazcards.com/collections/warlord-tcg-singles?page=23,Direct indexed page-23 listing,2026-08-01
Scale Mail,Into the Accordlands,Standard,,0.75,Scale Mail [Into the Accordlands],15,https://gamersguildazcards.com/collections/warlord-tcg-singles?page=15,Direct collection listing,2026-08-01
Scepter of Djarat,Into the Accordlands,Standard,,1.5,Scepter of Djarat [Into the Accordlands],3,https://gamersguildazcards.com/collections/warlord-tcg-singles?page=3,Direct collection listing,2026-08-01
Scout Pony,Into the Accordlands,Standard,,0.35,Scout Pony [Into the Accordlands],16,https://gamersguildazcards.com/collections/warlord-tcg-singles?page=16,Direct collection listing,2026-08-01
Seeker,Into the Accordlands,Standard,,0.35,Seeker [Into the Accordlands],22,https://gamersguildazcards.com/collections/warlord-tcg-singles?page=22,Direct collection listing,2026-08-01
Sethusk,Box of Greed,Standard,,0.35,Sethusk [Box of Greed],7,https://gamersguildazcards.com/collections/warlord-tcg-singles?page=7,Direct collection listing,2026-08-01
Shadan Alder,Box of Greed,Standard,,0.35,Shadan Alder [Box of Greed],11,https://gamersguildazcards.com/collections/warlord-tcg-singles?page=11,Direct collection listing,2026-08-01
Shadow Bolts,Into the Accordlands,Standard,,0.35,Shadow Bolts [Into the Accordlands],9,https://gamersguildazcards.com/collections/warlord-tcg-singles?page=9,Direct collection listing,2026-08-01
Shadow Clan Slayer,Into the Accordlands,Standard,,0.35,Shadow Clan Slayer [Into the Accordlands],17,https://gamersguildazcards.com/collections/warlord-tcg-singles?page=17,Direct collection listing,2026-08-01
Shadow Tunic,Into the Accordlands,Standard,,0.35,Shadow Tunic [Into the Accordlands],19,https://gamersguildazcards.com/collections/warlord-tcg-singles?page=19,Direct collection listing,2026-08-01
Shadowreaver,Box of Greed,Standard,,1.0,Shadowreaver [Box of Greed],5,https://gamersguildazcards.com/collections/warlord-tcg-singles?page=5,Direct collection listing,2026-08-01
Shambling Horror,Into the Accordlands,Standard,,0.35,Shambling Horror [Into the Accordlands],12,https://gamersguildazcards.com/collections/warlord-tcg-singles?page=12,Direct collection listing,2026-08-01
Shannon the Daring,Into the Accordlands,Standard,,0.75,Shannon the Daring [Into the Accordlands],9,https://gamersguildazcards.com/collections/warlord-tcg-singles?page=9,Direct collection listing,2026-08-01
Shatter,Into the Accordlands,Standard,,0.75,Shatter [Into the Accordlands],11,https://gamersguildazcards.com/collections/warlord-tcg-singles?page=11,Direct collection listing,2026-08-01
Shield of Spurning,Into the Accordlands,Standard,,1.5,Shield of Spurning [Into the Accordlands],3,https://gamersguildazcards.com/collections/warlord-tcg-singles?page=3,Direct collection listing,2026-08-01
Shield Rune,Into the Accordlands,Standard,,0.35,Shield Rune [Into the Accordlands],18,https://gamersguildazcards.com/collections/warlord-tcg-singles?page=18,Direct collection listing,2026-08-01
Shillelagh,Into the Accordlands,Standard,,0.35,Shillelagh [Into the Accordlands],18,https://gamersguildazcards.com/collections/warlord-tcg-singles?page=18,Direct collection listing,2026-08-01
Shocksaber,Into the Accordlands,Standard,,0.75,Shocksaber [Into the Accordlands],8,https://gamersguildazcards.com/collections/warlord-tcg-singles?page=8,Direct collection listing,2026-08-01
Shrapnelball,Into the Accordlands,Extended,,1.5,Shrapnelball (Extended Art) [Into the Accordlands],4,https://gamersguildazcards.com/collections/warlord-tcg-singles?page=4,Direct collection listing,2026-08-01
Shrapnelball,Into the Accordlands,Standard,,1.5,Shrapnelball [Into the Accordlands],3,https://gamersguildazcards.com/collections/warlord-tcg-singles?page=3,Direct collection listing,2026-08-01
Shyessa the Weaver,Into the Accordlands,Extended,,10.0,Shyessa the Weaver (Extended Art) [Into the Accordlands],15,https://gamersguildazcards.com/collections/warlord-tcg-singles?page=15,Direct collection listing,2026-08-01
Shyessa the Weaver,Into the Accordlands,Standard,,10.0,Shyessa the Weaver [Into the Accordlands],15,https://gamersguildazcards.com/collections/warlord-tcg-singles?page=15,Direct collection listing,2026-08-01
Sigrida Valora,Box of Greed,Standard,,0.35,Sigrida Valora [Box of Greed],17,https://gamersguildazcards.com/collections/warlord-tcg-singles?page=17,Direct collection listing,2026-08-01
Silversteel Gauntlets,Into the Accordlands,Standard,,0.35,Silversteel Gauntlets [Into the Accordlands],16,https://gamersguildazcards.com/collections/warlord-tcg-singles?page=16,Direct collection listing,2026-08-01
Simple Shield,Into the Accordlands,Standard,,0.35,Simple Shield [Into the Accordlands],21,https://gamersguildazcards.com/collections/warlord-tcg-singles?page=21,Direct collection listing,2026-08-01
Sir Aleron d'Ilchant,Box of Greed,Extended,,0.35,Sir Aleron d'Ilchant (Extended Art) [Box of Greed],21,https://gamersguildazcards.com/collections/warlord-tcg-singles?page=21,Direct collection listing,2026-08-01
Sir Lucian,Box of Greed,Extended,,0.75,Sir Lucian (Extended Art) [Box of Greed],18,https://gamersguildazcards.com/collections/warlord-tcg-singles?page=18,Direct collection listing,2026-08-01
Sir Rallen,Box of Greed,Extended,,0.35,Sir Rallen (Extended Art) [Box of Greed],17,https://gamersguildazcards.com/collections/warlord-tcg-singles?page=17,Direct collection listing,2026-08-01
Sir Rhawn d'Ilchant,Box of Greed,Standard,,0.35,Sir Rhawn d'Ilchant [Box of Greed],20,https://gamersguildazcards.com/collections/warlord-tcg-singles?page=20,Direct collection listing,2026-08-01
Sir Robert of Andover,Box of Greed,Extended,,0.35,Sir Robert of Andover (Extended Art) [Box of Greed],19,https://gamersguildazcards.com/collections/warlord-tcg-singles?page=19,Direct collection listing,2026-08-01
Sister Amanda,Into the Accordlands,Standard,,0.75,Sister Amanda [Into the Accordlands],11,https://gamersguildazcards.com/collections/warlord-tcg-singles?page=11,Direct collection listing,2026-08-01
Sister Kiren,Into the Accordlands,Standard,,0.75,Sister Kiren [Into the Accordlands],8,https://gamersguildazcards.com/collections/warlord-tcg-singles?page=8,Direct collection listing,2026-08-01
Skitterleap,Into the Accordlands,Standard,,40.0,Skitterleap [Into the Accordlands],2,https://gamersguildazcards.com/collections/warlord-tcg-singles?page=2,Direct collection listing,2026-08-01
Sklot the Cruel,Into the Accordlands,Extended,,10.0,Sklot the Cruel (Extended Art) [Into the Accordlands],18,https://gamersguildazcards.com/collections/warlord-tcg-singles?page=18,Direct collection listing,2026-08-01
Sklot the Cruel,Into the Accordlands,Standard,,10.0,Sklot the Cruel [Into the Accordlands],16,https://gamersguildazcards.com/collections/warlord-tcg-singles?page=16,Direct collection listing,2026-08-01
Skulk in the Shallows,Into the Accordlands,Standard,,0.75,Skulk in the Shallows [Into the Accordlands],16,https://gamersguildazcards.com/collections/warlord-tcg-singles?page=16,Direct collection listing,2026-08-01
Skyborne Initiate,Into the Accordlands,Standard,,0.35,Skyborne Initiate [Into the Accordlands],15,https://gamersguildazcards.com/collections/warlord-tcg-singles?page=15,Direct collection listing,2026-08-01
Slash and Lunge,Box of Greed,Standard,,0.35,Slash and Lunge [Box of Greed],6,https://gamersguildazcards.com/collections/warlord-tcg-singles?page=6,Direct collection listing,2026-08-01
Sleep,Into the Accordlands,Standard,,0.35,Sleep [Into the Accordlands],19,https://gamersguildazcards.com/collections/warlord-tcg-singles?page=19,Direct collection listing,2026-08-01
Slow March,Box of Greed,Standard,,0.5,Slow March [Box of Greed],4,https://gamersguildazcards.com/collections/warlord-tcg-singles?page=4,Direct collection listing,2026-08-01
Sneak,Into the Accordlands,Standard,,1.5,Sneak [Into the Accordlands],7,https://gamersguildazcards.com/collections/warlord-tcg-singles?page=7,Direct collection listing,2026-08-01
Sneak Attack,Into the Accordlands,Standard,,0.35,Sneak Attack [Into the Accordlands],13,https://gamersguildazcards.com/collections/warlord-tcg-singles?page=13,Direct collection listing,2026-08-01
Solar Ray,Into the Accordlands,Standard,,0.75,Solar Ray [Into the Accordlands],12,https://gamersguildazcards.com/collections/warlord-tcg-singles?page=12,Direct collection listing,2026-08-01
Soothing Waters,Box of Greed,Standard,,0.5,Soothing Waters [Box of Greed],5,https://gamersguildazcards.com/collections/warlord-tcg-singles?page=5,Direct collection listing,2026-08-01
Spellblocker,Into the Accordlands,Standard,,0.75,Spellblocker [Into the Accordlands],4,https://gamersguildazcards.com/collections/warlord-tcg-singles?page=4,Direct collection listing,2026-08-01
Spencer Latham,Box of Greed,Standard,,0.5,Spencer Latham [Box of Greed],5,https://gamersguildazcards.com/collections/warlord-tcg-singles?page=5,Direct collection listing,2026-08-01
Spiked Pit Trap,Into the Accordlands,Standard,,0.35,Spiked Pit Trap [Into the Accordlands],18,https://gamersguildazcards.com/collections/warlord-tcg-singles?page=18,Direct collection listing,2026-08-01
Spiritual Weapon,Into the Accordlands,Extended,,0.75,Spiritual Weapon (Extended Art) [Into the Accordlands],6,https://gamersguildazcards.com/collections/warlord-tcg-singles?page=6,Direct collection listing,2026-08-01
Spiritual Weapon,Into the Accordlands,Standard,,0.75,Spiritual Weapon [Into the Accordlands],12,https://gamersguildazcards.com/collections/warlord-tcg-singles?page=12,Direct collection listing,2026-08-01
Spit Fire,Into the Accordlands,Standard,,0.35,Spit Fire [Into the Accordlands],20,https://gamersguildazcards.com/collections/warlord-tcg-singles?page=20,Direct collection listing,2026-08-01
Squire Argos,Into the Accordlands,Standard,,0.35,Squire Argos [Into the Accordlands],13,https://gamersguildazcards.com/collections/warlord-tcg-singles?page=13,Direct collection listing,2026-08-01
Squire Fendric,Into the Accordlands,Standard,,0.35,Squire Fendric [Into the Accordlands],14,https://gamersguildazcards.com/collections/warlord-tcg-singles?page=14,Direct collection listing,2026-08-01
Squire Parthus,Into the Accordlands,Standard,,0.35,Squire Parthus [Into the Accordlands],19,https://gamersguildazcards.com/collections/warlord-tcg-singles?page=19,Direct collection listing,2026-08-01
Sta'ash,Into the Accordlands,Standard,,0.75,Sta'ash [Into the Accordlands],5,https://gamersguildazcards.com/collections/warlord-tcg-singles?page=5,Direct collection listing,2026-08-01
Starbinder,Into the Accordlands,Standard,,0.35,Starbinder [Into the Accordlands],10,https://gamersguildazcards.com/collections/warlord-tcg-singles?page=10,Direct collection listing,2026-08-01
Steady Grip,Into the Accordlands,Standard,,0.35,Steady Grip [Into the Accordlands],20,https://gamersguildazcards.com/collections/warlord-tcg-singles?page=20,Direct collection listing,2026-08-01
Steel Darts,Into the Accordlands,Standard,,0.35,Steel Darts [Into the Accordlands],18,https://gamersguildazcards.com/collections/warlord-tcg-singles?page=18,Direct collection listing,2026-08-01
Steelforge Regalia,Into the Accordlands,Standard,,2.0,Steelforge Regalia [Into the Accordlands],1,https://gamersguildazcards.com/collections/warlord-tcg-singles?page=1,Direct collection listing,2026-08-01
Stirges,Into the Accordlands,Standard,,0.35,Stirges [Into the Accordlands],17,https://gamersguildazcards.com/collections/warlord-tcg-singles?page=17,Direct collection listing,2026-08-01
Stolen Destiny,Box of Greed,Standard,,1.5,Stolen Destiny [Box of Greed],5,https://gamersguildazcards.com/collections/warlord-tcg-singles?page=5,Direct collection listing,2026-08-01
Stonefist Gargoyle,Box of Greed,Standard,,0.75,Stonefist Gargoyle [Box of Greed],16,https://gamersguildazcards.com/collections/warlord-tcg-singles?page=16,Direct collection listing,2026-08-01
Storm Shard,Into the Accordlands,Extended,,10.0,Storm Shard (Extended Art) [Into the Accordlands],2,https://gamersguildazcards.com/collections/warlord-tcg-singles?page=2,Direct collection listing,2026-08-01
Storm Shard,Into the Accordlands,Standard,,10.0,Storm Shard [Into the Accordlands],1,https://gamersguildazcards.com/collections/warlord-tcg-singles?page=1,Direct collection listing,2026-08-01
Storm's Attendant,Into the Accordlands,Standard,,0.75,Storm's Attendant [Into the Accordlands],20,https://gamersguildazcards.com/collections/warlord-tcg-singles?page=20,Direct collection listing,2026-08-01
Stormlord,Into the Accordlands,Standard,,0.35,Stormlord [Into the Accordlands],21,https://gamersguildazcards.com/collections/warlord-tcg-singles?page=21,Direct collection listing,2026-08-01
Strongarm Stout,Into the Accordlands,Standard,,0.75,Strongarm Stout [Into the Accordlands],3,https://gamersguildazcards.com/collections/warlord-tcg-singles?page=3,Direct collection listing,2026-08-01
Summon Avalanche,Into the Accordlands,Standard,,0.35,Summon Avalanche [Into the Accordlands],11,https://gamersguildazcards.com/collections/warlord-tcg-singles?page=11,Direct collection listing,2026-08-01
Sunforge Aspis,Into the Accordlands,Standard,,0.35,Sunforge Aspis [Into the Accordlands],18,https://gamersguildazcards.com/collections/warlord-tcg-singles?page=18,Direct collection listing,2026-08-01
Sunforge Smith,Into the Accordlands,Standard,,0.75,Sunforge Smith [Into the Accordlands],9,https://gamersguildazcards.com/collections/warlord-tcg-singles?page=9,Direct collection listing,2026-08-01
Sunseeker's Goggles,Into the Accordlands,Standard,,0.35,Sunseeker's Goggles [Into the Accordlands],17,https://gamersguildazcards.com/collections/warlord-tcg-singles?page=17,Direct collection listing,2026-08-01
Sutek Razorclaw,Into the Accordlands,Standard,,0.75,Sutek Razorclaw [Into the Accordlands],5,https://gamersguildazcards.com/collections/warlord-tcg-singles?page=5,Direct collection listing,2026-08-01
Sutek Shank,Into the Accordlands,Standard,,0.35,Sutek Shank [Into the Accordlands],13,https://gamersguildazcards.com/collections/warlord-tcg-singles?page=13,Direct collection listing,2026-08-01
Sutek Slimefang,Into the Accordlands,Standard,,0.35,Sutek Slimefang [Into the Accordlands],9,https://gamersguildazcards.com/collections/warlord-tcg-singles?page=9,Direct collection listing,2026-08-01
Swampbook,Into the Accordlands,Standard,,0.75,Swampbook [Into the Accordlands],17,https://gamersguildazcards.com/collections/warlord-tcg-singles?page=17,Direct collection listing,2026-08-01
Swift,Into the Accordlands,Standard,,0.35,Swift [Into the Accordlands],19,https://gamersguildazcards.com/collections/warlord-tcg-singles?page=19,Direct collection listing,2026-08-01
Swiftcloud,Into the Accordlands,Extended,,2.03,Swiftcloud (Extended Art) [Into the Accordlands],6,https://gamersguildazcards.com/collections/warlord-tcg-singles?page=6,Direct collection listing,2026-08-01
Swiftcloud,Into the Accordlands,Standard,,1.5,Swiftcloud [Into the Accordlands],3,https://gamersguildazcards.com/collections/warlord-tcg-singles?page=3,Direct collection listing,2026-08-01
Swivel,Into the Accordlands,Standard,,2.0,Swivel [Into the Accordlands],1,https://gamersguildazcards.com/collections/warlord-tcg-singles?page=1,Direct collection listing,2026-08-01
Talib al-Sirr,Box of Greed,Standard,,0.35,Talib al-Sirr [Box of Greed],21,https://gamersguildazcards.com/collections/warlord-tcg-singles?page=21,Direct collection listing,2026-08-01
Talisman of Faith,Into the Accordlands,Standard,,0.35,Talisman of Faith [Into the Accordlands],18,https://gamersguildazcards.com/collections/warlord-tcg-singles?page=18,Direct collection listing,2026-08-01
Talisman of Might,Into the Accordlands,Standard,,0.35,Talisman of Might [Into the Accordlands],14,https://gamersguildazcards.com/collections/warlord-tcg-singles?page=14,Direct collection listing,2026-08-01
Taoth,Box of Greed,Standard,,0.35,Taoth [Box of Greed],17,https://gamersguildazcards.com/collections/warlord-tcg-singles?page=17,Direct collection listing,2026-08-01
Tattered Armaments,Into the Accordlands,Standard,,0.35,Tattered Armaments [Into the Accordlands],22,https://gamersguildazcards.com/collections/warlord-tcg-singles?page=22,Direct collection listing,2026-08-01
Taumar the Protector,Into the Accordlands,Standard,,0.35,Taumar the Protector [Into the Accordlands],12,https://gamersguildazcards.com/collections/warlord-tcg-singles?page=12,Direct collection listing,2026-08-01
Tavis Jape,Box of Greed,Standard,,0.75,Tavis Jape [Box of Greed],17,https://gamersguildazcards.com/collections/warlord-tcg-singles?page=17,Direct collection listing,2026-08-01
Tazian Dythanus,Into the Accordlands,Extended,,7.5,Tazian Dythanus (Extended Art) [Into the Accordlands],21,https://gamersguildazcards.com/collections/warlord-tcg-singles?page=21,Direct collection listing,2026-08-01
Tazian Dythanus,Into the Accordlands,Standard,,1.5,Tazian Dythanus [Into the Accordlands],15,https://gamersguildazcards.com/collections/warlord-tcg-singles?page=15,Direct collection listing,2026-08-01
Terrorize,Into the Accordlands,Standard,,0.75,Terrorize [Into the Accordlands],13,https://gamersguildazcards.com/collections/warlord-tcg-singles?page=13,Direct collection listing,2026-08-01
Teufeltiger's Shroud,Into the Accordlands,Standard,,35.0,Teufeltiger's Shroud [Into the Accordlands],1,https://gamersguildazcards.com/collections/warlord-tcg-singles?page=1,Direct collection listing,2026-08-01
TFK Brigand,Into the Accordlands,Standard,,1.5,TFK Brigand [Into the Accordlands],1,https://gamersguildazcards.com/collections/warlord-tcg-singles?page=1,Direct collection listing,2026-08-01
The Dark Horse,Box of Greed,Standard,,0.35,The Dark Horse [Box of Greed],15,https://gamersguildazcards.com/collections/warlord-tcg-singles?page=15,Direct collection listing,2026-08-01
The Mighty Mugg,Into the Accordlands,Standard,,1.5,The Mighty Mugg [Into the Accordlands],3,https://gamersguildazcards.com/collections/warlord-tcg-singles?page=3,Direct collection listing,2026-08-01
The Quick and the Dead,Into the Accordlands,Standard,,1.5,The Quick and the Dead [Into the Accordlands],6,https://gamersguildazcards.com/collections/warlord-tcg-singles?page=6,Direct collection listing,2026-08-01
Thicket,Into the Accordlands,Standard,,0.35,Thicket [Into the Accordlands],20,https://gamersguildazcards.com/collections/warlord-tcg-singles?page=20,Direct collection listing,2026-08-01
Throwing Shield,Into the Accordlands,Standard,,0.35,Throwing Shield [Into the Accordlands],17,https://gamersguildazcards.com/collections/warlord-tcg-singles?page=17,Direct collection listing,2026-08-01
Thunic Yeti,Into the Accordlands,Standard,,0.75,Thunic Yeti [Into the Accordlands],2,https://gamersguildazcards.com/collections/warlord-tcg-singles?page=2,Direct collection listing,2026-08-01
Tide Turner,Into the Accordlands,Extended,,1.5,Tide Turner (Extended Art) [Into the Accordlands],9,https://gamersguildazcards.com/collections/warlord-tcg-singles?page=9,Direct collection listing,2026-08-01
Tide Turner,Into the Accordlands,Standard,,0.75,Tide Turner [Into the Accordlands],19,https://gamersguildazcards.com/collections/warlord-tcg-singles?page=19,Direct collection listing,2026-08-01
Tinker,Into the Accordlands,Standard,,0.35,Tinker [Into the Accordlands],16,https://gamersguildazcards.com/collections/warlord-tcg-singles?page=16,Direct collection listing,2026-08-01
Toren Yscar,Box of Greed,Standard,,2.0,Toren Yscar [Box of Greed],4,https://gamersguildazcards.com/collections/warlord-tcg-singles?page=4,Direct collection listing,2026-08-01
Trap,Into the Accordlands,Standard,,0.35,Trap [Into the Accordlands],21,https://gamersguildazcards.com/collections/warlord-tcg-singles?page=21,Direct collection listing,2026-08-01
Treewalk,Box of Greed,Standard,,0.35,Treewalk [Box of Greed],4,https://gamersguildazcards.com/collections/warlord-tcg-singles?page=4,Direct collection listing,2026-08-01
Tresven,Into the Accordlands,Standard,,0.75,Tresven [Into the Accordlands],3,https://gamersguildazcards.com/collections/warlord-tcg-singles?page=3,Direct collection listing,2026-08-01
Trevor Magson,Box of Greed,Extended,,0.35,Trevor Magson (Extended Art) [Box of Greed],20,https://gamersguildazcards.com/collections/warlord-tcg-singles?page=20,Direct collection listing,2026-08-01
Treyik,Into the Accordlands,Standard,,0.35,Treyik [Into the Accordlands],11,https://gamersguildazcards.com/collections/warlord-tcg-singles?page=11,Direct collection listing,2026-08-01
Treyik Netheryn,Into the Accordlands,Standard,,0.75,Treyik Netheryn [Into the Accordlands],13,https://gamersguildazcards.com/collections/warlord-tcg-singles?page=13,Direct collection listing,2026-08-01
Trinket of Malice,Into the Accordlands,Standard,,0.35,Trinket of Malice [Into the Accordlands],20,https://gamersguildazcards.com/collections/warlord-tcg-singles?page=20,Direct collection listing,2026-08-01
Trogid,Into the Accordlands,Standard,,0.35,Trogid [Into the Accordlands],11,https://gamersguildazcards.com/collections/warlord-tcg-singles?page=11,Direct collection listing,2026-08-01
Tunnel Vanguard,Into the Accordlands,Standard,,0.35,Tunnel Vanguard [Into the Accordlands],10,https://gamersguildazcards.com/collections/warlord-tcg-singles?page=10,Direct collection listing,2026-08-01
Tunnel Worm,Into the Accordlands,Standard,,0.35,Tunnel Worm [Into the Accordlands],17,https://gamersguildazcards.com/collections/warlord-tcg-singles?page=17,Direct collection listing,2026-08-01
Tybast,Box of Greed,Standard,,0.35,Tybast [Box of Greed],11,https://gamersguildazcards.com/collections/warlord-tcg-singles?page=11,Direct collection listing,2026-08-01
Tyren Ruskin,Into the Accordlands,Standard,,0.75,Tyren Ruskin [Into the Accordlands],8,https://gamersguildazcards.com/collections/warlord-tcg-singles?page=8,Direct collection listing,2026-08-01
Tyyphera,Box of Greed,Standard,,0.35,Tyyphera [Box of Greed],7,https://gamersguildazcards.com/collections/warlord-tcg-singles?page=7,Direct collection listing,2026-08-01
Unicorn of Thun,Into the Accordlands,Extended,,37.5,Unicorn of Thun (Extended Art) [Into the Accordlands],7,https://gamersguildazcards.com/collections/warlord-tcg-singles?page=7,Direct collection listing,2026-08-01
Unicorn of Thun,Into the Accordlands,Standard,,1.5,Unicorn of Thun [Into the Accordlands],9,https://gamersguildazcards.com/collections/warlord-tcg-singles?page=9,Direct collection listing,2026-08-01
Unsummon,Into the Accordlands,Standard,,0.35,Unsummon [Into the Accordlands],18,https://gamersguildazcards.com/collections/warlord-tcg-singles?page=18,Direct collection listing,2026-08-01
"Vactus, Spirit's Champion",Into the Accordlands,Extended,,2.0,"Vactus, Spirit's Champion (Extended Art) [Into the Accordlands]",21,https://gamersguildazcards.com/collections/warlord-tcg-singles?page=21,Direct collection listing,2026-08-01
"Vactus, Spirit's Champion",Into the Accordlands,Standard,,1.5,"Vactus, Spirit's Champion [Into the Accordlands]",20,https://gamersguildazcards.com/collections/warlord-tcg-singles?page=20,Direct collection listing,2026-08-01
Valdimar,Into the Accordlands,Standard,,0.35,Valdimar [Into the Accordlands],20,https://gamersguildazcards.com/collections/warlord-tcg-singles?page=20,Direct collection listing,2026-08-01
Vanguard's Presence,Into the Accordlands,Extended,,1.5,Vanguard's Presence (Extended Art) [Into the Accordlands],13,https://gamersguildazcards.com/collections/warlord-tcg-singles?page=13,Direct collection listing,2026-08-01
Vanguard's Presence,Into the Accordlands,Standard,,1.5,Vanguard's Presence [Into the Accordlands],8,https://gamersguildazcards.com/collections/warlord-tcg-singles?page=8,Direct collection listing,2026-08-01
Veera and Bones,Into the Accordlands,Standard,,0.75,Veera and Bones [Into the Accordlands],4,https://gamersguildazcards.com/collections/warlord-tcg-singles?page=4,Direct collection listing,2026-08-01
Venom Vines,Box of Greed,Standard,,0.5,Venom Vines [Box of Greed],5,https://gamersguildazcards.com/collections/warlord-tcg-singles?page=5,Direct collection listing,2026-08-01
Venomtipped Arrows,Into the Accordlands,Standard,,0.75,Venomtipped Arrows [Into the Accordlands],16,https://gamersguildazcards.com/collections/warlord-tcg-singles?page=16,Direct collection listing,2026-08-01
Verdigris,Box of Greed,Standard,,0.35,Verdigris [Box of Greed],9,https://gamersguildazcards.com/collections/warlord-tcg-singles?page=9,Direct collection listing,2026-08-01
Verusk,Box of Greed,Standard,,0.35,Verusk [Box of Greed],10,https://gamersguildazcards.com/collections/warlord-tcg-singles?page=10,Direct collection listing,2026-08-01
Veteran Bowman,Into the Accordlands,Standard,,0.35,Veteran Bowman [Into the Accordlands],9,https://gamersguildazcards.com/collections/warlord-tcg-singles?page=9,Direct collection listing,2026-08-01
Viscous Goo,Into the Accordlands,Standard,,0.75,Viscous Goo [Into the Accordlands],7,https://gamersguildazcards.com/collections/warlord-tcg-singles?page=7,Direct collection listing,2026-08-01
Wa'San Wolf-Spirit,Into the Accordlands,Extended,,0.75,Wa'San Wolf-Spirit (Extended Art) [Into the Accordlands],4,https://gamersguildazcards.com/collections/warlord-tcg-singles?page=4,Direct collection listing,2026-08-01
Wa'San Wolf-Spirit,Into the Accordlands,Standard,,0.75,Wa'San Wolf-Spirit [Into the Accordlands],21,https://gamersguildazcards.com/collections/warlord-tcg-singles?page=21,Direct collection listing,2026-08-01
Walk on Wind,Into the Accordlands,Standard,,0.75,Walk on Wind [Into the Accordlands],11,https://gamersguildazcards.com/collections/warlord-tcg-singles?page=11,Direct collection listing,2026-08-01
War Horse,Into the Accordlands,Standard,,0.35,War Horse [Into the Accordlands],14,https://gamersguildazcards.com/collections/warlord-tcg-singles?page=14,Direct collection listing,2026-08-01
Warboss Azh'kal,Into the Accordlands,Extended,,1.5,Warboss Azh'kal (Extended Art) [Into the Accordlands],4,https://gamersguildazcards.com/collections/warlord-tcg-singles?page=4,Direct collection listing,2026-08-01
Warboss Azh'kal,Into the Accordlands,Standard,,1.5,Warboss Azh'kal [Into the Accordlands],16,https://gamersguildazcards.com/collections/warlord-tcg-singles?page=16,Direct collection listing,2026-08-01
Well of Screams,Into the Accordlands,Standard,,10.0,Well of Screams [Into the Accordlands],2,https://gamersguildazcards.com/collections/warlord-tcg-singles?page=2,Direct collection listing,2026-08-01
Well Supplied,Into the Accordlands,Extended,,1.0,Well Supplied (Extended Art) [Into the Accordlands],7,https://gamersguildazcards.com/collections/warlord-tcg-singles?page=7,Direct collection listing,2026-08-01
Well Supplied,Into the Accordlands,Standard,,0.75,Well Supplied [Into the Accordlands],7,https://gamersguildazcards.com/collections/warlord-tcg-singles?page=7,Direct collection listing,2026-08-01
Wither,Into the Accordlands,Standard,,0.35,Wither [Into the Accordlands],9,https://gamersguildazcards.com/collections/warlord-tcg-singles?page=9,Direct collection listing,2026-08-01
Woestone,Into the Accordlands,Standard,,0.35,Woestone [Into the Accordlands],21,https://gamersguildazcards.com/collections/warlord-tcg-singles?page=21,Direct collection listing,2026-08-01
Wraithstalker,Into the Accordlands,Standard,,1.5,Wraithstalker [Into the Accordlands],2,https://gamersguildazcards.com/collections/warlord-tcg-singles?page=2,Direct collection listing,2026-08-01
Wyvernsteed,Box of Greed,Standard,,0.35,Wyvernsteed [Box of Greed],6,https://gamersguildazcards.com/collections/warlord-tcg-singles?page=6,Direct collection listing,2026-08-01
Xaxxon's Fire,Box of Greed,Standard,,0.35,Xaxxon's Fire [Box of Greed],14,https://gamersguildazcards.com/collections/warlord-tcg-singles?page=14,Direct collection listing,2026-08-01
Xcalam Coatl,Into the Accordlands,Standard,,0.35,Xcalam Coatl [Into the Accordlands],15,https://gamersguildazcards.com/collections/warlord-tcg-singles?page=15,Direct collection listing,2026-08-01
Yanthorine,Into the Accordlands,Standard,,0.35,Yanthorine [Into the Accordlands],16,https://gamersguildazcards.com/collections/warlord-tcg-singles?page=16,Direct collection listing,2026-08-01
Yscarite Berserker,Into the Accordlands,Standard,,0.35,Yscarite Berserker [Into the Accordlands],19,https://gamersguildazcards.com/collections/warlord-tcg-singles?page=19,Direct collection listing,2026-08-01
"Z'adok, Prey Herder",Into the Accordlands,Extended,,1.5,"Z'adok, Prey Herder (Extended Art) [Into the Accordlands]",7,https://gamersguildazcards.com/collections/warlord-tcg-singles?page=7,Direct collection listing,2026-08-01
"Z'adok, Prey Herder",Into the Accordlands,Standard,,1.5,"Z'adok, Prey Herder [Into the Accordlands]",20,https://gamersguildazcards.com/collections/warlord-tcg-singles?page=20,Direct collection listing,2026-08-01
Zaina,Into the Accordlands,Standard,,1.5,Zaina [Into the Accordlands],4,https://gamersguildazcards.com/collections/warlord-tcg-singles?page=4,Direct collection listing,2026-08-01
